Nome,URL da Imagem,Sede,Cor Primária,URL
Brown Spiders 2,https://www.salaooval.com.br/wp-content/uploads/2026/07/pr_brown_spiders_2.png,,#e94e13,https://www.salaooval.com.br/equipe/brown-spiders-2/
Underdogs FA,https://www.salaooval.com.br/wp-content/uploads/2016/12/rs_porto_alegre_gorillas-1.png,,#2d044d,https://www.salaooval.com.br/equipe/underdogs-fa/
Goiás FA,https://www.salaooval.com.br/wp-content/uploads/2026/07/go_goias_fa.png,,#0e4b24,https://www.salaooval.com.br/equipe/goias-fa/
Guarulhos Rhynos 2,https://www.salaooval.com.br/wp-content/uploads/2026/03/sp_guarulhos_rhynos_2.png,,#fc3d00,https://www.salaooval.com.br/equipe/guarulhos-rhynos-2/
Jacareí Red Wolves,https://www.salaooval.com.br/wp-content/uploads/2026/03/sp_jacarei_red_wolves.png,,#d11824,https://www.salaooval.com.br/equipe/jacarei-red-wolves/
Corinthians Steamrollers 2,https://www.salaooval.com.br/wp-content/uploads/2016/05/sp_corinthians_steamrollers-1.png,,#ec2f21,https://www.salaooval.com.br/equipe/corinthians-steamrollers-2/
Spartans Football 2,https://www.salaooval.com.br/wp-content/uploads/2026/03/sp_six_spartans.png,,#fd0000,https://www.salaooval.com.br/equipe/spartans-football-2/
Curitiba Phoenix,https://www.salaooval.com.br/wp-content/uploads/2025/07/pr_curitiba_phoenix.png,,#fb1a00,https://www.salaooval.com.br/equipe/curitiba-phoenix/
São Bernardo Avengers,https://www.salaooval.com.br/wp-content/uploads/2018/06/sp_sao_bernardo_avengers-1.png,,#f0fc00,https://www.salaooval.com.br/equipe/sao-bernardo-avengers/
Krakens Football,https://www.salaooval.com.br/wp-content/uploads/2025/03/sp_krakens_football.png,,#030404,https://www.salaooval.com.br/equipe/krakens-football/
Forgeds Tigres,https://www.salaooval.com.br/wp-content/uploads/2025/03/mg_tigres_forged.png,,#f0bd0d,https://www.salaooval.com.br/equipe/forgeds-tigres/
Calvary Cavaliers,https://www.salaooval.com.br/wp-content/uploads/2025/03/pr_calvary_cavaliers.png,,#4c2581,https://www.salaooval.com.br/equipe/calvary-cavaliers/
Soldiers Avengers,https://www.salaooval.com.br/wp-content/uploads/2016/06/sp_osasco_soldiers.png,,#fac90a,https://www.salaooval.com.br/equipe/soldiers-avengers/
Coritiba Crocodiles B,https://www.salaooval.com.br/wp-content/uploads/2016/05/pr_coritiba_crocodiles-1.png,,#1a7267,https://www.salaooval.com.br/equipe/coritiba-crocodiles-b/
Arapongas Golden Phoenix,https://www.salaooval.com.br/wp-content/uploads/2024/08/pr_arapongas_golden_phoenix.png,,#f5c63b,https://www.salaooval.com.br/equipe/arapongas-golden-phoenix/
Bravos FA,https://www.salaooval.com.br/wp-content/uploads/2024/07/rs_bravos_fa.png,,#d89933,https://www.salaooval.com.br/equipe/bravos-fa/
Goianos FA,https://www.salaooval.com.br/wp-content/uploads/2024/07/go_goianos_fa-1.png,,#fddc00,https://www.salaooval.com.br/equipe/goianos-fa/
Colombia,https://www.salaooval.com.br/wp-content/uploads/2024/07/colombia.png,,#f5c305,https://www.salaooval.com.br/equipe/colombia/
Bears FA,https://www.salaooval.com.br/wp-content/uploads/2024/02/rs_bears_fa.png,,#e83237,https://www.salaooval.com.br/equipe/bears-fa/
Matilha dos Vales,https://www.salaooval.com.br/wp-content/uploads/2024/02/rs_matilha_do_vale.png,,#e30526,https://www.salaooval.com.br/equipe/matilha-dos-vales/
Avaré Lions,https://www.salaooval.com.br/wp-content/uploads/2024/02/sp_avare_lions.png,,#e34d17,https://www.salaooval.com.br/equipe/avare-lions/
Vikings Berserker,https://www.salaooval.com.br/wp-content/uploads/2024/02/sp_vikings_berserker.png,,#711626,https://www.salaooval.com.br/equipe/vikings-berserker/
Lusa Jaguars,https://www.salaooval.com.br/wp-content/uploads/2023/08/sp_lusa_jaguars.png,,#0f7b05,https://www.salaooval.com.br/equipe/lusa-jaguars/
Flamengo Imperatrizes,https://www.salaooval.com.br/wp-content/uploads/2020/03/rj_flamengo_imperadores.png,,#e32317,https://www.salaooval.com.br/equipe/flamengo-imperatrizes/
Black Panthers Football,https://www.salaooval.com.br/wp-content/uploads/2023/08/sp_black_panthers-1.png,,#004be3,https://www.salaooval.com.br/equipe/black-panthers-football/
Recife Imortais,https://www.salaooval.com.br/wp-content/uploads/2023/06/pe_santa_cruz_imortais.png,,#162037,https://www.salaooval.com.br/equipe/recife-imortais/
Lisboa Navigators,https://www.salaooval.com.br/wp-content/uploads/2023/03/pt_lisboa_navigators.png,,#1a1818,https://www.salaooval.com.br/equipe/lisboa-navigators/
Salgueiros Renegades,https://www.salaooval.com.br/wp-content/uploads/2023/03/pt_salgueiros_renegades.png,,#cc2f11,https://www.salaooval.com.br/equipe/salgueiros-renegades/
Lisboa Devils,https://www.salaooval.com.br/wp-content/uploads/2023/03/pt_lisboa_devils.png,,#8a151a,https://www.salaooval.com.br/equipe/lisboa-devils/
Mutts CFA,https://www.salaooval.com.br/wp-content/uploads/2023/03/pt_mutts_cfa.png,,#01360c,https://www.salaooval.com.br/equipe/mutts-cfa/
Braga Warriors,https://www.salaooval.com.br/wp-content/uploads/2023/03/pt_braga_warriors.png,,#000000,https://www.salaooval.com.br/equipe/braga-warriors/
Cascais Crusaders,https://www.salaooval.com.br/wp-content/uploads/2023/03/pt_cascais_crusaders.png,,#0e0c45,https://www.salaooval.com.br/equipe/cascais-crusaders/
Lisboa Lions,https://www.salaooval.com.br/wp-content/uploads/2023/03/pt_lisboa_lions.png,,#460707,https://www.salaooval.com.br/equipe/lisboa-lions/
Hammerheads,https://www.salaooval.com.br/wp-content/uploads/2023/02/rj_hammerheads.png,,#cca15e,https://www.salaooval.com.br/equipe/hammerheads/
Recreio Tigers,https://www.salaooval.com.br/wp-content/uploads/2023/02/rj_recreio_tigers.png,,#e76616,https://www.salaooval.com.br/equipe/recreio-tigers/
Valença Hunters,https://www.salaooval.com.br/wp-content/uploads/2023/02/rj_valenca_hunters.png,,#f8ba00,https://www.salaooval.com.br/equipe/valenca-hunters/
Londrina Titans,https://www.salaooval.com.br/wp-content/uploads/2022/09/pr_londrina_titans.png,,#0d78bf,https://www.salaooval.com.br/equipe/londrina-titans/
Blumenau Riesen,https://www.salaooval.com.br/wp-content/uploads/2022/09/sc_blumenau_riesen.png,,#e07a2b,https://www.salaooval.com.br/equipe/blumenau-riesen/
Barrinha Black Eagles,https://www.salaooval.com.br/wp-content/uploads/2022/08/sp_barrinha_black_eagles.png,,#e8a712,https://www.salaooval.com.br/equipe/barrinha-black-eagles/
Igrejinha Bears,https://www.salaooval.com.br/wp-content/uploads/2022/06/rs_igrejinha_bears.png,,#832215,https://www.salaooval.com.br/equipe/igrejinha-bears/
Porto Velho Miners,https://www.salaooval.com.br/wp-content/uploads/2022/04/ro_porto_velho_miners.png,,#fdc904,https://www.salaooval.com.br/equipe/porto-velho-miners/
Mesquita Titans,https://www.salaooval.com.br/wp-content/uploads/2022/04/rj_mesquita_titans.png,,#cfa244,https://www.salaooval.com.br/equipe/mesquita-titans/
Campo Grande Cowboys,https://www.salaooval.com.br/wp-content/uploads/2022/04/ms_campo_grande_cowboys.png,,#caa669,https://www.salaooval.com.br/equipe/campo-grande-cowboys/
Criciúma Iron Tigers,https://www.salaooval.com.br/wp-content/uploads/2022/04/sc_criciuma_iron_tigers.png,,#000000,https://www.salaooval.com.br/equipe/criciuma-iron-tigers/
Ceará Bulldogs,https://www.salaooval.com.br/wp-content/uploads/2022/04/ce_bulldogs_football.png,,#004f12,https://www.salaooval.com.br/equipe/ceara-bulldogs/
Lobo Vingador,https://www.salaooval.com.br/wp-content/uploads/2022/03/pa_lobo_vingador.png,Belém/PA,#e20511,https://www.salaooval.com.br/times/vingadores-fa/
Portuguesa FA,https://www.salaooval.com.br/wp-content/uploads/2016/05/sp_portuguesa_fa.png,,#870002,https://www.salaooval.com.br/equipe/portuguesa-fa/
Guarás FA,https://www.salaooval.com.br/wp-content/uploads/2022/02/sp_guaras_fa.png,,#03a95b,https://www.salaooval.com.br/equipe/guaras-fa/
Caucaia Sabres,https://www.salaooval.com.br/wp-content/uploads/2022/02/ce_ceara_sabres.png,,#5f1a52,https://www.salaooval.com.br/equipe/caucaia-sabres/
Jangadeiros FA,https://www.salaooval.com.br/wp-content/uploads/2022/02/al_jangadeiros_fa.png,,#abd709,https://www.salaooval.com.br/equipe/jangadeiros-fa/
,https://www.salaooval.com.br/wp-content/uploads/2022/02/sp_moura_lacerda_dragons.png,Ribeirão Preto/SP,#032e52,https://www.salaooval.com.br/times/moura-lacerda-dragons/
Cruzeiro FA,https://www.salaooval.com.br/wp-content/uploads/2021/10/mg_cruzeiro.png,Betim/MG,#003b92,https://www.salaooval.com.br/times/cruzeiro_fa/
Assis Captains,https://www.salaooval.com.br/wp-content/uploads/2020/03/sp_assis_captains.png,,#017de4,https://www.salaooval.com.br/equipe/assis-captains/
Rio Mafra Raptors,https://www.salaooval.com.br/wp-content/uploads/2020/02/sc_riomafra_raptors.png,,#000000,https://www.salaooval.com.br/equipe/rio-mafra-raptors/
Bárbaros FA,https://www.salaooval.com.br/wp-content/uploads/2020/02/pr_barbaros_fa.png,,#df0839,https://www.salaooval.com.br/equipe/barbaros-fa/
Almirantes FA,https://www.salaooval.com.br/wp-content/uploads/2019/11/sc_almirantes_fa.png,,#00835f,https://www.salaooval.com.br/equipe/almirantes-fa/
Chape FA,https://www.salaooval.com.br/wp-content/uploads/2019/10/sc_chape_fa-1.png,,#04832d,https://www.salaooval.com.br/equipe/chape-fa/
Golden Lions,https://www.salaooval.com.br/wp-content/uploads/2019/09/mg_golden_lions_esportes.png,,#f9bb00,https://www.salaooval.com.br/equipe/golden-lions/
Wolves UTFPR-CP,https://www.salaooval.com.br/wp-content/uploads/2019/08/pr_utfprcp_wolves.png,,#0d0d24,https://www.salaooval.com.br/equipe/wolves-utfpr-cp/
Bugios Indaial,https://www.salaooval.com.br/wp-content/uploads/2019/08/sc_bugios_indaial.png,,#fd5503,https://www.salaooval.com.br/equipe/bugios-indaial/
Campo Mourão Black Rams,https://www.salaooval.com.br/wp-content/uploads/2019/08/pr_campo_mourao_black_rams.png,,#913b22,https://www.salaooval.com.br/equipe/campo-mourao-black-rams/
Zebus Redwolves,https://www.salaooval.com.br/wp-content/uploads/2019/07/mg_zebus_redwolves.png,,#c31721,https://www.salaooval.com.br/equipe/zebus-redwolves/
Pirajuí Golden Warriors,https://www.salaooval.com.br/wp-content/uploads/2019/07/sp_pirajui_golden_warriors.png,,#e71e30,https://www.salaooval.com.br/equipe/pirajui-golden-warriors/
São Paulo Panthers,https://www.salaooval.com.br/wp-content/uploads/2019/06/sp_sao_paulo_panthers.png,,#3e8f9b,https://www.salaooval.com.br/equipe/sao-paulo-panthers/
Bangu Castores,https://www.salaooval.com.br/wp-content/uploads/2019/06/rj_bangu_castores.png,,#5b2f15,https://www.salaooval.com.br/equipe/bangu-castores/
Mariners Development,https://www.salaooval.com.br/wp-content/uploads/2019/06/pe_recife_mariners_dev.png,,#005da9,https://www.salaooval.com.br/equipe/mariners-development/
Brasília Wizards,https://www.salaooval.com.br/wp-content/uploads/2019/06/df_brasilia_wizards-1.png,,#110025,https://www.salaooval.com.br/equipe/brasilia-wizards/
Leões De Judá B,https://www.salaooval.com.br/wp-content/uploads/2018/01/df_leoes_de_juda_2.png,,#c0ab7a,https://www.salaooval.com.br/equipe/leoes-de-juda-b/
Cold Killers,https://www.salaooval.com.br/wp-content/uploads/2019/04/pr_cold_killers.png,,#841e2d,https://www.salaooval.com.br/equipe/cold-killers/
Patos FA,https://www.salaooval.com.br/wp-content/uploads/2019/04/pb_patos_fa.png,,#06073a,https://www.salaooval.com.br/equipe/patos-fa/
Bulls Potiguares 2,https://www.salaooval.com.br/wp-content/uploads/2017/03/rn_bulls_potiguares.png,,#401d51,https://www.salaooval.com.br/equipe/bulls-potiguares-2/
Lusa Academy,https://www.salaooval.com.br/wp-content/uploads/2019/04/sp_portuguesa_fa_academy.png,,#900202,https://www.salaooval.com.br/equipe/lusa-academy/
Sorocaba Braves,https://www.salaooval.com.br/wp-content/uploads/2019/04/sp_sorocaba_braves.png,,#bc102e,https://www.salaooval.com.br/equipe/sorocaba-braves/
New Tigers,https://www.salaooval.com.br/wp-content/uploads/2019/05/pa_new_tigers.png,,#da461b,https://www.salaooval.com.br/equipe/new-tigers/
Brusque Weavers,https://www.salaooval.com.br/wp-content/uploads/2019/02/sc_brusque_weavers-1.png,,#f9f010,https://www.salaooval.com.br/equipe/brusque-weavers/
Blumenau Vikings,https://www.salaooval.com.br/wp-content/uploads/2019/02/sc_blumenau_vikings-1.png,,#4e2c2b,https://www.salaooval.com.br/equipe/blumenau-vikings/
Prudente Thunders,https://www.salaooval.com.br/wp-content/uploads/2019/02/sp_prudente_thunder-1.png,,#046bae,https://www.salaooval.com.br/equipe/prudente-thunders/
Porto Alegre Pumpkins,https://www.salaooval.com.br/wp-content/uploads/2016/05/rs_porto_alegre_pumpkins.png,Porto Alegre/RS,#472e1d,https://www.salaooval.com.br/times/porto-alegre-pumpkins/
Delta Football,https://www.salaooval.com.br/wp-content/uploads/2018/10/rj_delta_football.png,Volta Redonda/RJ,#29d46c,https://www.salaooval.com.br/times/delta-football/
Nova Iguaçu FA,https://www.salaooval.com.br/wp-content/uploads/2018/10/rj_nova_iguacu_fa.png,,#fd6600,https://www.salaooval.com.br/equipe/nova-iguacu-fa/
Rio de Janeiro Captains,https://www.salaooval.com.br/wp-content/uploads/2018/10/rj_septiba_captains-1.png,,#0c2045,https://www.salaooval.com.br/equipe/rio-de-janeiro-captains/
Sertãozinho Bullcaners,https://www.salaooval.com.br/wp-content/uploads/2018/09/sp_sertaozinho_bullcaners.png,,#cb333a,https://www.salaooval.com.br/equipe/sertaozinho-bullcaners/
Matias Barbosa Primatas,https://www.salaooval.com.br/wp-content/uploads/2018/09/mg_matias_barbosa_primatas.png,,#4d575f,https://www.salaooval.com.br/equipe/matias-barbosa-primatas/
Erechim Coroados,https://www.salaooval.com.br/wp-content/uploads/2018/08/rs_erechim_coroados.png,,#6a1110,https://www.salaooval.com.br/equipe/erechim-coroados/
Desterro Atlantis,https://www.salaooval.com.br/wp-content/uploads/2018/07/sc_desterro_atlantis.png,,#16535b,https://www.salaooval.com.br/equipe/desterro-atlantis/
Dourados Redlands,https://www.salaooval.com.br/wp-content/uploads/2018/06/ms_dourados_redlands.png,,#db0000,https://www.salaooval.com.br/equipe/dourados-redlands/
Dourados Tenentes,https://www.salaooval.com.br/wp-content/uploads/2018/06/ms_dourados_tenentes.png,,#05204b,https://www.salaooval.com.br/equipe/dourados-tenentes/
Jacareí Gators,https://www.salaooval.com.br/wp-content/uploads/2018/06/sp_jacarei_gators-1.png,,#027184,https://www.salaooval.com.br/equipe/jacarei-gators/
Orange Machine,https://www.salaooval.com.br/wp-content/uploads/2018/06/sp_orange_machine.png,,#fd742d,https://www.salaooval.com.br/equipe/orange-machine/
Cajamar Hunters,https://www.salaooval.com.br/wp-content/uploads/2018/06/sp_cajamar_hunters-2.png,,#70964b,https://www.salaooval.com.br/equipe/cajamar-hunters/
Theresina Thunders,https://www.salaooval.com.br/wp-content/uploads/2018/05/pi_theresina_thunders.png,,#04233c,https://www.salaooval.com.br/equipe/theresina-thunders/
Águias Flag Football,https://www.salaooval.com.br/wp-content/uploads/2018/05/ma_aguias.png,,#a91d22,https://www.salaooval.com.br/equipe/aguias-flag-football/
Parnamirim Rockets,https://www.salaooval.com.br/wp-content/uploads/2018/05/rn_parnamirim_rockets.png,,#003271,https://www.salaooval.com.br/equipe/parnamirim-rockets/
São Tomé Potros,https://www.salaooval.com.br/wp-content/uploads/2018/05/rn_sao_tome_potros.png,,#15264d,https://www.salaooval.com.br/equipe/sao-tome-potros/
Bodes Pretos de Sobral,https://www.salaooval.com.br/wp-content/uploads/2018/05/ce_sobral_bodes_pretos.png,,#da9f3e,https://www.salaooval.com.br/equipe/bodes-pretos-de-sobral/
Goiânia Saints,https://www.salaooval.com.br/wp-content/uploads/2018/05/go_goiania_saints-1.png,,#f2c500,https://www.salaooval.com.br/equipe/goiania-saints/
Espírito Santo Black Knights,https://www.salaooval.com.br/wp-content/uploads/2018/05/es_espirito_santo_black_knights.png,,#000000,https://www.salaooval.com.br/equipe/espirito-santo-black-knights/
Barueri Guardians,https://www.salaooval.com.br/wp-content/uploads/2018/04/sp_barueri_guardians-1.png,,#b29835,https://www.salaooval.com.br/equipe/barueri-guardians/
Crimson Fox,https://www.salaooval.com.br/wp-content/uploads/2018/04/sp_crimson_fox.png,,#920202,https://www.salaooval.com.br/equipe/crimson-fox/
Itaquera Phantoms,https://www.salaooval.com.br/wp-content/uploads/2018/04/sp_itaquera_phamtons.png,,#0505c5,https://www.salaooval.com.br/equipe/itaquera-phantoms/
Interlagos Sharks,https://www.salaooval.com.br/wp-content/uploads/2018/04/sp_interlagos_sharks.png,,#114d7f,https://www.salaooval.com.br/equipe/interlagos-sharks/
Dark Owls FA,https://www.salaooval.com.br/wp-content/uploads/2018/04/rj_dark_owls_fa.png,,#928b62,https://www.salaooval.com.br/equipe/dark-owls/
Rio Football Academy,https://www.salaooval.com.br/wp-content/uploads/2018/04/rj_rio_football_academy_alt.png,,#707070,https://www.salaooval.com.br/equipe/rio-football-academy/
Sorocaba Eagles,https://www.salaooval.com.br/wp-content/uploads/2018/03/sp_sorocaba_eagles.png,,#064b2e,https://www.salaooval.com.br/equipe/sorocaba-eagles/
Santo André Golden Owls,https://www.salaooval.com.br/wp-content/uploads/2018/03/sp_golden_owls.png,,#f9cb11,https://www.salaooval.com.br/equipe/santo-andre-golden-owls/
São Paulo Black Devil,https://www.salaooval.com.br/wp-content/uploads/2018/03/sp_sao_paulo_black_devil.png,,#6a556b,https://www.salaooval.com.br/equipe/sao-paulo-black-devil/
São Paulo Sharks,https://www.salaooval.com.br/wp-content/uploads/2018/03/sp_sao_paulo_sharks.png,,#000000,https://www.salaooval.com.br/equipe/sao-paulo-sharks/
Guarulhos Red Warriors,https://www.salaooval.com.br/wp-content/uploads/2018/03/sp_guarulhos_red_warriors.png,,#f6231a,https://www.salaooval.com.br/equipe/guarulhos-red-warriors/
Old School,https://www.salaooval.com.br/wp-content/uploads/2018/03/sp_old_school.png,,#836f3d,https://www.salaooval.com.br/equipe/old-school/
Silver Warriors,https://www.salaooval.com.br/wp-content/uploads/2018/03/sp_silver_warriors-1.png,,#693d2a,https://www.salaooval.com.br/equipe/silver-warriors/
Air Force,https://www.salaooval.com.br/wp-content/uploads/2018/03/sp_air_force.png,,#a17340,https://www.salaooval.com.br/equipe/air-force/
Salto Flames,https://www.salaooval.com.br/wp-content/uploads/2018/03/sp_salto_flames.png,,#bf1f2b,https://www.salaooval.com.br/equipe/salto-flames/
Barretos Carcarás,https://www.salaooval.com.br/wp-content/uploads/2018/03/sp_barretos_carcaras.png,,#e77a1a,https://www.salaooval.com.br/equipe/barretos-carcaras/
Santa Bárbara Rednecks,https://www.salaooval.com.br/wp-content/uploads/2018/03/sp_santa_barbara_rednecks.png,,#0d1434,https://www.salaooval.com.br/equipe/santa-barbara-rednecks/
Zona Leste Bears,https://www.salaooval.com.br/wp-content/uploads/2018/03/sp_zona_leste_bears.png,,#6a442b,https://www.salaooval.com.br/equipe/zona-leste-bears/
Buzzards Engenharia Santos,https://www.salaooval.com.br/wp-content/uploads/2018/03/sp_buzzards_eng_santos.png,,#443630,https://www.salaooval.com.br/equipe/buzzards-engenharia-santos/
Linhares Panthers,https://www.salaooval.com.br/wp-content/uploads/2018/03/es_linhares_panthers.png,,#431d24,https://www.salaooval.com.br/equipe/linhares-panthers/
Revolution FA,https://www.salaooval.com.br/wp-content/uploads/2018/03/es_revolution_fa.png,,#2c3084,https://www.salaooval.com.br/equipe/revolution-fa/
Bauru Warhawks,https://www.salaooval.com.br/wp-content/uploads/2018/03/sp_bauru_warhawks.png,,#073d38,https://www.salaooval.com.br/equipe/bauru-warhawks/
Jahu Galo Strong,https://www.salaooval.com.br/wp-content/uploads/2018/03/sp_jau_galo_strong.png,,#177a3f,https://www.salaooval.com.br/equipe/jahu-galo-strong/
Salto Dark Wolves,https://www.salaooval.com.br/wp-content/uploads/2018/03/sp_salto_dark_wolves.png,,#272132,https://www.salaooval.com.br/equipe/salto-dark-wolves/
Indaiatuba Alpacas,https://www.salaooval.com.br/wp-content/uploads/2018/03/sp_indaiatuba_alpacas_alt.png,,#0c0c0c,https://www.salaooval.com.br/equipe/indaiatuba-alpacas/
Galaxy Football,https://www.salaooval.com.br/wp-content/uploads/2018/03/mt_galaxy_football.png,,#090835,https://www.salaooval.com.br/equipe/galaxy-football/
Guarani Indians,https://www.salaooval.com.br/wp-content/uploads/2021/12/sp_guarani_indians_alt.png,Paulínia/SP,#033d2d,https://www.salaooval.com.br/times/guarani-indians/
Lucas do Rio Verde Jaguars,https://www.salaooval.com.br/wp-content/uploads/2018/03/mt_lucas_rio_verde_jaguars.png,,#de7126,https://www.salaooval.com.br/equipe/lucas-do-rio-verde-jaguars/
Lobos Guerreiros,https://www.salaooval.com.br/wp-content/uploads/2018/03/am_lobos_guerreiros.png,,#f4e90e,https://www.salaooval.com.br/equipe/lobos-guerreiros/
Galo Futebol Americano,https://www.salaooval.com.br/wp-content/uploads/2018/12/mg_galo_fa_alt.png,Belo Horizonte/MG,#f7e304,https://www.salaooval.com.br/times/galo-fa/
Castanhal Yellow Blacks,https://www.salaooval.com.br/wp-content/uploads/2017/03/pa_castanhal_yellow_black.png,,#f1cb22,https://www.salaooval.com.br/equipe/castanhal-yellow-blacks/
Paysandu Lobos,https://www.salaooval.com.br/wp-content/uploads/2018/03/pa_paysandu_lobos.png,,#0188c0,https://www.salaooval.com.br/equipe/paysandu-lobos/
Fortaleza Tritões,https://www.salaooval.com.br/wp-content/uploads/2018/02/ce_fortaleza_tritoes.png,,#044381,https://www.salaooval.com.br/equipe/fortaleza-tritoes/
São Bento Snakes,https://www.salaooval.com.br/wp-content/uploads/2018/02/pb_sao_bento_snakes.png,,#3e1508,https://www.salaooval.com.br/equipe/sao-bento-snakes/
Patos Red Dragons,https://www.salaooval.com.br/wp-content/uploads/2018/02/pb_patos_red_dragons.png,,#f32f34,https://www.salaooval.com.br/equipe/patos-red-dragons/
União Snakes,https://www.salaooval.com.br/wp-content/uploads/2018/02/pr_uniao_snakes_alt.png,,#0c028f,https://www.salaooval.com.br/equipe/uniao-snakes/
Street Dogs FA,https://www.salaooval.com.br/wp-content/uploads/2018/02/pr_street_dogs_fa.png,,#1c1f3f,https://www.salaooval.com.br/equipe/street-dogs-fa/
Santana Red Bulls,https://www.salaooval.com.br/wp-content/uploads/2018/01/ba_santana_red_bulls.png,,#b80f12,https://www.salaooval.com.br/equipe/santana-red-bulls/
Tubarão Predadores,https://www.salaooval.com.br/wp-content/uploads/2018/01/sc_tubarao_predadores.png,,#01172c,https://www.salaooval.com.br/equipe/tubarao-predadores/
Contagem Inconfidentes,https://www.salaooval.com.br/wp-content/uploads/2019/08/mg_contagem_inconfidentes_alt.png,s,#e4132c,https://www.salaooval.com.br/times/contagem-inconfidentes/
Gravataí Spartans,https://www.salaooval.com.br/wp-content/uploads/2017/12/rs_gravatai_spartans.png,,#27050c,https://www.salaooval.com.br/equipe/gravatai-spartans/
Buriers Football,https://www.salaooval.com.br/wp-content/uploads/2017/12/rs_buriers_football.png,,#fdef00,https://www.salaooval.com.br/equipe/buriers-football/
Canoas Jaguars,https://www.salaooval.com.br/wp-content/uploads/2017/12/rs_canoas_jaguars.png,,#f8be15,https://www.salaooval.com.br/equipe/canoas-jaguars/
Porto Alegre Pumpkins,https://www.salaooval.com.br/wp-content/uploads/2016/05/rs_porto_alegre_pumpkins.png,Porto Alegre/RS,#472e1d,https://www.salaooval.com.br/times/porto-alegre-pumpkins/
Porto Alegre Pumpkins,https://www.salaooval.com.br/wp-content/uploads/2016/05/rs_porto_alegre_pumpkins.png,Porto Alegre/RS,#472e1d,https://www.salaooval.com.br/times/porto-alegre-pumpkins/
Cerrado,https://www.salaooval.com.br/wp-content/uploads/2016/05/federacao_cerrado.png,,#fdf004,https://www.salaooval.com.br/equipe/cerrado/
Minas Gerais,https://www.salaooval.com.br/wp-content/uploads/2017/02/campeoanto_mineiro.png,,#b4051b,https://www.salaooval.com.br/equipe/minas-gerais/
Santa Catarina,https://www.salaooval.com.br/wp-content/uploads/2016/05/federacao_catarinense.png,,#cf0e17,https://www.salaooval.com.br/equipe/santa-catarina/
Rio Grande do Sul,https://www.salaooval.com.br/wp-content/uploads/2016/05/campeonato_gaucho.png,,#06763b,https://www.salaooval.com.br/equipe/rio-grande-do-sul/
Paraná,https://www.salaooval.com.br/wp-content/uploads/2017/11/federecao_paranaense_fpfa.png,,#013976,https://www.salaooval.com.br/equipe/parana/
São Paulo,https://www.salaooval.com.br/wp-content/uploads/2017/11/federecao_paulista_fepafa.png,,#c1040a,https://www.salaooval.com.br/equipe/sao-paulo/
Rio de Janeiro,https://www.salaooval.com.br/wp-content/uploads/2016/05/federacao_fluminense.png,,#01b0e9,https://www.salaooval.com.br/equipe/rio-de-janeiro/
Espírito Santo,https://www.salaooval.com.br/wp-content/uploads/2017/11/federacao_espiritossantense.png,,#437c9d,https://www.salaooval.com.br/equipe/espirito-santo/
Cuiabá Angels,https://www.salaooval.com.br/wp-content/uploads/2017/11/mt_cuiaba_angels.png,,#c32866,https://www.salaooval.com.br/equipe/cuiaba-angels/
Aracaju Alfa,https://www.salaooval.com.br/wp-content/uploads/2016/05/se_aracaju_alfas.png,,#fdba03,https://www.salaooval.com.br/equipe/aracaju-alfa/
Atenas FA,https://www.salaooval.com.br/wp-content/uploads/2016/05/es_atenas_fa.png,,#efce03,https://www.salaooval.com.br/equipe/atenas-fa/
Australia Outback,https://www.salaooval.com.br/wp-content/uploads/2017/10/australia_outback.png,,#032e23,https://www.salaooval.com.br/equipe/australia-outback/
Coréia do Sul,https://www.salaooval.com.br/wp-content/uploads/2017/10/korea.png,,#06599a,https://www.salaooval.com.br/equipe/coreia-do-sul/
França,https://www.salaooval.com.br/wp-content/uploads/2017/10/france_fighting_frogs.png,,#02316c,https://www.salaooval.com.br/equipe/franca/
Panamá,https://www.salaooval.com.br/wp-content/uploads/2017/10/panama.png,,#1250a0,https://www.salaooval.com.br/equipe/panama/
Chile Roja Furiosa,https://www.salaooval.com.br/wp-content/uploads/2017/10/chile_furia_roja.png,,#08476b,https://www.salaooval.com.br/equipe/chile-roja-furiosa/
Uruguay Charrúas,https://www.salaooval.com.br/wp-content/uploads/2017/10/uruguay_charruas.png,,#1674a9,https://www.salaooval.com.br/equipe/uruguay-charruas/
Argentina Halcones,https://www.salaooval.com.br/wp-content/uploads/2017/10/argentina_halcones.png,,#002968,https://www.salaooval.com.br/equipe/argentina-halcones/
Brasil Onças,https://www.salaooval.com.br/wp-content/uploads/2016/05/brasil_oncas.png,,#eba420,https://www.salaooval.com.br/equipe/brasil-oncas/
Diadema Storm,https://www.salaooval.com.br/wp-content/uploads/2016/05/sp_sao_paulo_storm-1.png,,#144576,https://www.salaooval.com.br/equipe/diadema-storm/
Nova Serrana Forgeds,https://www.salaooval.com.br/wp-content/uploads/2017/09/mg_nova_serrana_forgeds_alt.png,s,#00b006,https://www.salaooval.com.br/times/nova-serrana-forgeds/
Piratas da Serra,https://www.salaooval.com.br/wp-content/uploads/2017/01/mg_piratas_da_serra.png,,#62166f,https://www.salaooval.com.br/equipe/piratas-da-serra/
Madkings FA,https://www.salaooval.com.br/wp-content/uploads/2017/09/go_goiania_madkings.png,,#305569,https://www.salaooval.com.br/equipe/madkings-fa/
Santa Maria Bulldogs,https://www.salaooval.com.br/wp-content/uploads/2017/09/df_santa_maria_bulldogs.png,,#fb590c,https://www.salaooval.com.br/equipe/santa-maria-bulldogs/
B.P.S. Football,https://www.salaooval.com.br/wp-content/uploads/2017/09/sp_bps_football.png,,#bd1c2a,https://www.salaooval.com.br/equipe/bps-football/
Guarapuava DarkWolves,https://www.salaooval.com.br/wp-content/uploads/2017/09/pr_guarapuava_darkwolves.png,,#38a6ca,https://www.salaooval.com.br/equipe/guarapuava-darkwolves/
Londrina Barons,https://www.salaooval.com.br/wp-content/uploads/2017/08/pr_londrina_barons.png,,#6ba3ce,https://www.salaooval.com.br/equipe/londrina-barons/
Porto Alegre Warriors,https://www.salaooval.com.br/wp-content/uploads/2016/12/rs_porto_alegre_warriors.png,,#151847,https://www.salaooval.com.br/equipe/porto-alegre-warriors/
Monte Alto Rippers,https://www.salaooval.com.br/wp-content/uploads/2017/08/sp_monte_alto_rippers.png,,#705283,https://www.salaooval.com.br/equipe/monte-alto-rippers/
Franca Carrascos,https://www.salaooval.com.br/wp-content/uploads/2017/08/sp_franca_carrascos.png,,#210840,https://www.salaooval.com.br/equipe/franca-carrascos/
Passos Madbulls,https://www.salaooval.com.br/wp-content/uploads/2017/08/mg_passos_madbulls.png,,#c82f34,https://www.salaooval.com.br/equipe/passos-madbulls/
CSA Guerreiros,https://www.salaooval.com.br/wp-content/uploads/2017/08/al_csa_guerreiros.png,,#220784,https://www.salaooval.com.br/equipe/csa-guerreiros/
Recife Vikings,https://www.salaooval.com.br/wp-content/uploads/2017/08/pe_recife_vikings.png,,#290408,https://www.salaooval.com.br/equipe/recife-vikings/
Miners Futebol Americano,https://www.salaooval.com.br/wp-content/uploads/2016/05/sc_miners_fa.png,Criciúma/SC,#daa517,https://www.salaooval.com.br/times/miners-fa/
Camboriú Broqueiros,https://www.salaooval.com.br/wp-content/uploads/2016/05/sc_camboriu_broqueiros-1.png,,#1f4537,https://www.salaooval.com.br/equipe/camboriu-broqueiros/
América Big Riders,https://www.salaooval.com.br/wp-content/uploads/2017/07/rj_america_big_riders.png,,#d80137,https://www.salaooval.com.br/equipe/america-big-riders/
USP Red Pandas ,https://www.salaooval.com.br/wp-content/uploads/2017/06/sp_usp_red_panda.png,,#871424,https://www.salaooval.com.br/equipe/usp-red-pandas/
Piedade Hainus,https://www.salaooval.com.br/wp-content/uploads/2017/06/sp_hainus_girls.png,,#b00000,https://www.salaooval.com.br/equipe/piedade-hainus/
Cavalaria 2 de Julho,https://www.salaooval.com.br/wp-content/uploads/2016/05/ba_cavalaria_2_de_julho.png,Salvador/BA,#303057,https://www.salaooval.com.br/times/cavalaria-2-de-julho/
Curitiba Silverhawks,https://www.salaooval.com.br/wp-content/uploads/2017/06/pr_curitiba_silverhawks.png,,#73560d,https://www.salaooval.com.br/equipe/curitiba-silverhawks/
Angra Destroyers,https://www.salaooval.com.br/wp-content/uploads/2016/10/rj_destroyers_fa.png,,#fd5d06,https://www.salaooval.com.br/equipe/destroyers-fa/
Blaze Futebol Americano,https://www.salaooval.com.br/wp-content/uploads/2016/05/rj_blaze_fa.png,Rio de Janeiro/RJ,#fcdf00,https://www.salaooval.com.br/times/blaze-fa/
Mamutes FA,https://www.salaooval.com.br/wp-content/uploads/2016/10/rj_mamutes_fa.png,,#d21e26,https://www.salaooval.com.br/equipe/mamutes-fa/
Tupinambás FA,https://www.salaooval.com.br/wp-content/uploads/2017/05/ma_tupinambas.png,,#901e1d,https://www.salaooval.com.br/equipe/tupinambas-fa/
Carrancas FA,https://www.salaooval.com.br/wp-content/uploads/2017/02/pe_carrancas_fa.png,,#0f5844,https://www.salaooval.com.br/equipe/carrancas-fa/
Fluminense FA,https://www.salaooval.com.br/wp-content/uploads/2017/05/rj_fluminense_guerreiros.png,Rio de Janeiro/RJ,#860926,https://www.salaooval.com.br/times/fluminense-fa/
Goiânia Guarás,https://www.salaooval.com.br/wp-content/uploads/2017/05/go_goiania_guaras.png,,#ba6532,https://www.salaooval.com.br/equipe/goiania-guaras/
Tatuapé Black Panthers,https://www.salaooval.com.br/wp-content/uploads/2017/05/sp_tatuape_black_panthers.png,,#fbb405,https://www.salaooval.com.br/equipe/tatuape-black-panthers/
Ipanema Tatuís,https://www.salaooval.com.br/wp-content/uploads/2017/04/rj_ipanema_tatuis.png,,#00652e,https://www.salaooval.com.br/equipe/ipanema-tatuis/
Cabo Frio Rocks,https://www.salaooval.com.br/wp-content/uploads/2017/04/rj_cabo_frio_rocks.png,,#813e3e,https://www.salaooval.com.br/equipe/cabo-frio-rocks/
Piratas de Copacabana,https://www.salaooval.com.br/wp-content/uploads/2017/04/rj_piratas_de_copacabana.png,,#020202,https://www.salaooval.com.br/equipe/piratas-de-copacabana/
Rio de Janeiro Sharks,https://www.salaooval.com.br/wp-content/uploads/2017/04/rj_rio_de_janeiro_sharks.png,,#1a1513,https://www.salaooval.com.br/equipe/rio-de-janeiro-sharks/
Falcões,https://www.salaooval.com.br/wp-content/uploads/2017/04/rj_falcoes.png,,#3e4196,https://www.salaooval.com.br/equipe/falcoes/
Bauru Badgers,https://www.salaooval.com.br/wp-content/uploads/2017/03/sp_bauru_badgers.png,,#f4f301,https://www.salaooval.com.br/equipe/bauru-badgers/
Unasp Roosters,https://www.salaooval.com.br/wp-content/uploads/2017/03/sp_unasp_roosters.png,,#fe2b1e,https://www.salaooval.com.br/equipe/unasp-roosters/
Monte Alto Dinos,https://www.salaooval.com.br/wp-content/uploads/2017/03/sp_monte_alto_dinos.png,,#015f26,https://www.salaooval.com.br/equipe/monte-alto-dinos/
Caniballs Football,https://www.salaooval.com.br/wp-content/uploads/2017/03/sp_caniballs_football.png,,#fc8116,https://www.salaooval.com.br/equipe/caniballs-football/
Brokenstones Football,https://www.salaooval.com.br/wp-content/uploads/2017/04/sp_brokenstones_football.png,,#b50d00,https://www.salaooval.com.br/equipe/brokenstones-football/
Bauru Gorillas,https://www.salaooval.com.br/wp-content/uploads/2017/03/sp_bauru_gorillas.png,,#022625,https://www.salaooval.com.br/equipe/bauru-gorillas/
Agudos Diamonds,https://www.salaooval.com.br/wp-content/uploads/2017/03/sp_agudos_diamonds.png,,#f9c622,https://www.salaooval.com.br/equipe/agudos-diamonds/
Suzano Arcanjos,https://www.salaooval.com.br/wp-content/uploads/2017/04/sp_suzano_arcanjos.png,,#1b40ed,https://www.salaooval.com.br/equipe/suzano-arcanjos/
Desportiva Piratas,https://www.salaooval.com.br/wp-content/uploads/2017/04/es_desportiva_piratas.png,,#6f0518,https://www.salaooval.com.br/equipe/desportiva-piratas/
Goiânia Rednecks,https://www.salaooval.com.br/wp-content/uploads/2019/02/go_goiania_rednecks_alt.png,Goiânia/GO,#121f54,https://www.salaooval.com.br/times/goiania-rednecks/
Brusque Admirals,https://www.salaooval.com.br/wp-content/uploads/2017/03/sc_brusque_admirals.png,,#ecc30f,https://www.salaooval.com.br/equipe/brusque-admirals/
Fluminense Imperadores,https://www.salaooval.com.br/wp-content/uploads/2017/03/rj_fluminense_imperadores.png,,#831024,https://www.salaooval.com.br/equipe/fluminense-imperadores/
Cavalaria 2 de Julho,https://www.salaooval.com.br/wp-content/uploads/2016/05/ba_cavalaria_2_de_julho.png,Salvador/BA,#303057,https://www.salaooval.com.br/times/cavalaria-2-de-julho/
UFPR Legends,https://www.salaooval.com.br/wp-content/uploads/2017/03/pr_ufpr_legends.png,,#c6a26b,https://www.salaooval.com.br/equipe/ufpr-legends/
Bárbaros do Vale,https://www.salaooval.com.br/wp-content/uploads/2017/03/sc_barbaros_do_vale.png,,#007638,https://www.salaooval.com.br/equipe/barbaros-do-vale/
Dragões do Mar,https://www.salaooval.com.br/wp-content/uploads/2017/03/ce_dragoes_do_mar.png,,#01541a,https://www.salaooval.com.br/equipe/dragoes-do-mar/
Ceará Caçadores,https://www.salaooval.com.br/wp-content/uploads/2020/03/ce_ceara_cacadores_alt.png,Fortaleza/CE,#000000,https://www.salaooval.com.br/times/ceara-cacadores/
Ceará Fênix,https://www.salaooval.com.br/wp-content/uploads/2017/03/ce_ceara_f%C3%AAnix.png,,#0c1f46,https://www.salaooval.com.br/equipe/ceara-fenix/
Salvador Kings,https://www.salaooval.com.br/wp-content/uploads/2017/03/ba_salvador_kings.png,,#feca03,https://www.salaooval.com.br/equipe/salvador-kings/
Itatiba Priests,https://www.salaooval.com.br/wp-content/uploads/2017/03/sp_itatiba_priests.png,,#f3af22,https://www.salaooval.com.br/equipe/itatiba-priests/
Cougars Football,https://www.salaooval.com.br/wp-content/uploads/2017/03/sp_cougars_football.png,,#0100d8,https://www.salaooval.com.br/equipe/cougars-football/
São Paulo Saints,https://www.salaooval.com.br/wp-content/uploads/2017/03/sp_sao_paulo_saints.png,,#cda465,https://www.salaooval.com.br/equipe/sao-paulo-saints/
Avaré Mustangs,https://www.salaooval.com.br/wp-content/uploads/2017/03/sp_avare_mustangs.png,,#28116d,https://www.salaooval.com.br/equipe/avare-mustangs/
Flamengo Imperadores,https://www.salaooval.com.br/wp-content/uploads/2020/03/rj_flamengo_imperadores_alt.png,Rio de Janeiro/RJ,#e32317,https://www.salaooval.com.br/times/flamengo-imperadores/
Ponta Grossa Phantoms,https://www.salaooval.com.br/wp-content/uploads/2017/03/pr_ponta_grossa_phantoms.png,,#25047e,https://www.salaooval.com.br/equipe/ponta-grossa-phantoms/
Curitiba Hurricanes,https://www.salaooval.com.br/wp-content/uploads/2017/03/pr_curitiba_hurricanes.png,,#1f5983,https://www.salaooval.com.br/equipe/curitiba-hurricanes/
Curitiba Predadores,https://www.salaooval.com.br/wp-content/uploads/2017/03/pr_curitiba_predadores-1.png,,#d3c212,https://www.salaooval.com.br/equipe/curitiba-predadores/
ABC Corsários,https://www.salaooval.com.br/wp-content/uploads/2018/01/sp_abc_corsarios_all_blacks.png,,#000000,https://www.salaooval.com.br/equipe/abc-corsarios/
Botafogo FA,https://www.salaooval.com.br/wp-content/uploads/2017/03/rj_botafogo_fa.png,,#000000,https://www.salaooval.com.br/equipe/botafogo-fa/
Cavalaria 2 de Julho,https://www.salaooval.com.br/wp-content/uploads/2016/05/ba_cavalaria_2_de_julho.png,Salvador/BA,#303057,https://www.salaooval.com.br/times/cavalaria-2-de-julho/
Tigres Futebol Americano,https://www.salaooval.com.br/wp-content/uploads/2019/08/mg_ipatinga_tigres_alt.png,s,#fdcd2b,https://www.salaooval.com.br/times/tigres-futebol-americano/
Vitória Antares,https://www.salaooval.com.br/wp-content/uploads/2017/03/es_vitoria_antares.png,,#a92b2f,https://www.salaooval.com.br/equipe/vitoria-antares/
Luverdense Overwhelming,https://www.salaooval.com.br/wp-content/uploads/2017/03/mt_luverdense_overwhelming.png,,#d22543,https://www.salaooval.com.br/equipe/luverdense-overwhelming/
Manaus Raptors,https://www.salaooval.com.br/wp-content/uploads/2017/03/am_manaus_raptors_alt.png,,#7e1d28,https://www.salaooval.com.br/equipe/manaus-raptors/
Araxá Red Wolves,https://www.salaooval.com.br/wp-content/uploads/2017/03/mg_araxa_red_wolves.png,,#bc0a19,https://www.salaooval.com.br/equipe/araxa-red-wolves/
Galo Futebol Americano,https://www.salaooval.com.br/wp-content/uploads/2018/12/mg_galo_fa_alt.png,Belo Horizonte/MG,#f7e304,https://www.salaooval.com.br/times/galo-fa/
Remo Lions,https://www.salaooval.com.br/wp-content/uploads/2017/03/pa_remo_lions-2.png,,#0d182e,https://www.salaooval.com.br/equipe/remo-lions/
Juiz de Fora Imperadores,https://www.salaooval.com.br/wp-content/uploads/2020/03/mg_juiz_de_fora_imperadores_alt.png,Juiz de Fora/MG,#a36c2d,https://www.salaooval.com.br/times/juiz-de-fora-imperadores/
Diadema UD,https://www.salaooval.com.br/wp-content/uploads/2017/03/sp_diadema_ud.png,,#07b0d4,https://www.salaooval.com.br/equipe/diadema-ud/
Moon Howlers FA,https://www.salaooval.com.br/wp-content/uploads/2017/02/pr_moon_howlers.png,,#fecd00,https://www.salaooval.com.br/equipe/moon-howlers-fa/
Boa Vista Nordics,https://www.salaooval.com.br/wp-content/uploads/2017/02/rr_boa_vista_nordics.png,,#f8cb18,https://www.salaooval.com.br/equipe/boa-vista-nordics/
Boa Vista Falcons,https://www.salaooval.com.br/wp-content/uploads/2017/02/rr_boa_vista_falcons.png,,#4b5e4a,https://www.salaooval.com.br/equipe/boa-vista-falcons/
Unicentro Knights,https://www.salaooval.com.br/wp-content/uploads/2017/02/pr_unicentro_knights.png,,#fcdd08,https://www.salaooval.com.br/equipe/unicentro-knights/
Recife Apaches,https://www.salaooval.com.br/wp-content/uploads/2017/02/pe_recife_apaches.png,Recife/PE,#461510,https://www.salaooval.com.br/times/recife-apaches/
Paraíso Miners,https://www.salaooval.com.br/wp-content/uploads/2017/01/mg_paraiso_miners-2.png,,#171717,https://www.salaooval.com.br/equipe/paraiso-miners/
Cruzeiro FA,https://www.salaooval.com.br/wp-content/uploads/2021/10/mg_cruzeiro.png,Betim/MG,#003b92,https://www.salaooval.com.br/times/cruzeiro_fa/
Carlos Barbosa Ximangos,https://www.salaooval.com.br/wp-content/uploads/2016/12/rs_carlos_barbosa_ximangos.png,,#973500,https://www.salaooval.com.br/equipe/carlos-barbosa-ximangos/
Porto Alegre Gorillas,https://www.salaooval.com.br/wp-content/uploads/2016/12/rs_porto_alegre_gorillas-1.png,,#2d044d,https://www.salaooval.com.br/equipe/porto-alegre-gorillas/
Viamão Raptors,https://www.salaooval.com.br/wp-content/uploads/2016/12/rs_viamao_raptors.png,,#401901,https://www.salaooval.com.br/equipe/viamao-raptors/
Niterói Federals,https://www.salaooval.com.br/wp-content/uploads/2016/10/rj_niteroi_federals.png,,#150a58,https://www.salaooval.com.br/equipe/niteroi-federals/
Barões de Ribeirão Preto,https://www.salaooval.com.br/wp-content/uploads/2016/10/sp_baroes_ribeirao_preto.png,,#420506,https://www.salaooval.com.br/equipe/baroes-de-ribeirao-preto/
Caraguá Ghostship,https://www.salaooval.com.br/wp-content/uploads/2016/09/sp_caragua_ghostship-1.png,,#fada07,https://www.salaooval.com.br/equipe/caragua-ghostship/
Tatuapé Monsters,https://www.salaooval.com.br/wp-content/uploads/2016/09/sp_tatuape_monsters.png,,#d6b666,https://www.salaooval.com.br/equipe/tatuape-monsters/
Ponte Preta Gorilas,https://www.salaooval.com.br/wp-content/uploads/2016/05/sp_ponte_preta_gorilas.png,s,#010101,https://www.salaooval.com.br/times/ponte-preta-gorilas/
Aracaju Imortais,https://www.salaooval.com.br/wp-content/uploads/2016/08/se_aracaju_imortais.png,,#f37d21,https://www.salaooval.com.br/equipe/aracaju-imortais/
Istepôs Futebol Americano,https://www.salaooval.com.br/wp-content/uploads/2018/01/sc_sao_jose_istepos_alt.png,São José/SC,#fe1e24,https://www.salaooval.com.br/times/istepos-fa/
Sergipe Bravos,https://www.salaooval.com.br/wp-content/uploads/2016/08/se_sergipe_bravos.png,,#e01f24,https://www.salaooval.com.br/equipe/sergipe-bravos/
Jaraguá Breakers,https://www.salaooval.com.br/wp-content/uploads/2018/12/sc_jaragua_breakers_alt.png,Jaraguá/SC,#041b39,https://www.salaooval.com.br/times/jaragua-breakers/
Belém Titans,https://www.salaooval.com.br/wp-content/uploads/2016/08/pa_belem_titans.png,Belém/PA,#c80000,https://www.salaooval.com.br/times/belem-titans/
Xingu FA,https://www.salaooval.com.br/wp-content/uploads/2016/08/pa_xingu_fa.png,,#f6ca32,https://www.salaooval.com.br/equipe/xingu-fa/
Lobo Vingador,https://www.salaooval.com.br/wp-content/uploads/2022/03/pa_lobo_vingador.png,Belém/PA,#e20511,https://www.salaooval.com.br/times/vingadores-fa/
Outland Soldiers,https://www.salaooval.com.br/wp-content/uploads/2016/08/pa_outland_soldiers.png,,#fdb600,https://www.salaooval.com.br/equipe/outland-soldiers/
Legião Futebol Americano,https://www.salaooval.com.br/wp-content/uploads/2016/08/pa_legiao_fa.png,Belém/PA,#000001,https://www.salaooval.com.br/times/legiao-fa/
Cariocas FA,https://www.salaooval.com.br/wp-content/uploads/2016/07/rj_cariocas_fa.png,,#0693dd,https://www.salaooval.com.br/equipe/cariocas-fa/
Brasília Pilots,https://www.salaooval.com.br/wp-content/uploads/2016/07/df_brasilia_pilots-1.png,,#5e1d1f,https://www.salaooval.com.br/equipe/brasilia-pilots/
Jacarés do Pantanal,https://www.salaooval.com.br/wp-content/uploads/2016/07/ms_jacares_do_pantanal.png,,#fcd301,https://www.salaooval.com.br/equipe/jacares-do-pantanal/
São Luís Sharks,https://www.salaooval.com.br/wp-content/uploads/2016/05/ma_sao_luiz_sharks_2.png,São Luís/MA,#08005b,https://www.salaooval.com.br/times/sao-luis-sharks/
Codó Snakes,https://www.salaooval.com.br/wp-content/uploads/2016/07/ma_codo_snakes.png,,#f66609,https://www.salaooval.com.br/equipe/codo-snakes/
Cabugi Goats,https://www.salaooval.com.br/wp-content/uploads/2016/07/rn_cabugi_goats.png,,#133244,https://www.salaooval.com.br/equipe/cabugi-goats/
Campo Grande Cobras,https://www.salaooval.com.br/wp-content/uploads/2016/05/mt_campo_grande_cobras.png,,#c21f01,https://www.salaooval.com.br/equipe/campo-grande-cobras/
Rainbow Football,https://www.salaooval.com.br/wp-content/uploads/2016/05/rj_rainbow_football.png,,#353762,https://www.salaooval.com.br/equipe/rainbow-football/
USJT Imperators,https://www.salaooval.com.br/wp-content/uploads/2016/05/sp_usjt_imperators.png,,#05922a,https://www.salaooval.com.br/equipe/usjt-imperators/
Karakas Strong Bears,https://www.salaooval.com.br/wp-content/uploads/2016/05/sp_karakas_strong_bears.png,,#661e0e,https://www.salaooval.com.br/equipe/karakas-strong-bears/
Diadema Diamond,https://www.salaooval.com.br/wp-content/uploads/2016/05/sp_diadema_diamonds.png,,#00aad7,https://www.salaooval.com.br/equipe/diadema-diamond/
Mackenzie Mohawks,https://www.salaooval.com.br/wp-content/uploads/2016/05/sp_mackenzie_mohawks.png,,#fe0d0c,https://www.salaooval.com.br/equipe/mackenzie-mohawks/
FEI Hawks,https://www.salaooval.com.br/wp-content/uploads/2016/05/sp_fei_hawks.png,,#625a50,https://www.salaooval.com.br/equipe/fei-hawks/
BATS,https://www.salaooval.com.br/wp-content/uploads/2016/05/sp_bats_football.png,,#d4a124,https://www.salaooval.com.br/equipe/bats/
Cronos Football,https://www.salaooval.com.br/wp-content/uploads/2016/05/sp_cronos_football.png,,#613a69,https://www.salaooval.com.br/equipe/cronos-football/
Brasil Devilz,https://www.salaooval.com.br/wp-content/uploads/2016/05/sp_brasil_devilz.png,,#fdc801,https://www.salaooval.com.br/equipe/brasil-devilz/
São Roque Fighters,https://www.salaooval.com.br/wp-content/uploads/2017/09/sp_sao_roque_fighters.png,,#ac9753,https://www.salaooval.com.br/equipe/sao-roque-fighters/
Mogi Desbravadores,https://www.salaooval.com.br/wp-content/uploads/2016/07/sp_mogi_desbravadores.png,,#f40506,https://www.salaooval.com.br/equipe/mogi-desbravadores/
Jundiaí Cerberus,https://www.salaooval.com.br/wp-content/uploads/2016/07/sp_jundiai_flag_football.png,,#0d5f2d,https://www.salaooval.com.br/equipe/jundiai-cerberus/
Barretos Bulls,https://www.salaooval.com.br/wp-content/uploads/2016/07/sp_barretos_bulls.png,,#a91410,https://www.salaooval.com.br/equipe/barretos-bulls/
Salto Blackbirds,https://www.salaooval.com.br/wp-content/uploads/2016/07/sp_salto_blacbirds.png,,#013c92,https://www.salaooval.com.br/equipe/salto-blackbirds/
Santa Bárbara Westerns,https://www.salaooval.com.br/wp-content/uploads/2016/07/sp_santa_barbara_western.png,,#038403,https://www.salaooval.com.br/equipe/santa-barbara-westerns/
São Carlos Bulldogs,https://www.salaooval.com.br/wp-content/uploads/2016/07/sp_sao_carlos_bulldogs-1.png,,#fd6600,https://www.salaooval.com.br/equipe/sao-carlos-bulldogs/
São José Jets,https://www.salaooval.com.br/wp-content/uploads/2016/07/sp_sao_jose_jets-2.png,,#020130,https://www.salaooval.com.br/equipe/sao-jose-jets/
Silver Knights Football,https://www.salaooval.com.br/wp-content/uploads/2016/07/sp_silver_knights_football.png,,#b51e2c,https://www.salaooval.com.br/equipe/silver-knights-football/
Taubaté Football,https://www.salaooval.com.br/wp-content/uploads/2016/07/sp_taubate_football.png,,#17234b,https://www.salaooval.com.br/equipe/taubate-football/
Unicamp Eucalyptus,https://www.salaooval.com.br/wp-content/uploads/2016/07/sp_unicamp_eucalyptus-1.png,,#214131,https://www.salaooval.com.br/equipe/unicamp-eucalyptus/
Werewolves Football,https://www.salaooval.com.br/wp-content/uploads/2016/07/sp_santo_andre_werewolves.png,,#1f073e,https://www.salaooval.com.br/equipe/werewolves-football/
Americana Weavers,https://www.salaooval.com.br/wp-content/uploads/2016/07/sp_americana_weavers.png,,#fd3335,https://www.salaooval.com.br/equipe/americana-weavers/
Araras Steel Hawks,https://www.salaooval.com.br/wp-content/uploads/2016/07/sp_araras_steel_hawks.png,,#cf1d2b,https://www.salaooval.com.br/equipe/araras-steel-hawks/
Atibaia Super Chargers,https://www.salaooval.com.br/wp-content/uploads/2016/07/sp_atibaia_super_chargers.png,,#022941,https://www.salaooval.com.br/equipe/atibaia-super-chargers/
Avaré Scorpions,https://www.salaooval.com.br/wp-content/uploads/2016/07/sp_avare_scorpions.png,,#040102,https://www.salaooval.com.br/equipe/avare-scorpions/
Caipiras Owls,https://www.salaooval.com.br/wp-content/uploads/2016/07/sp_caipiras_owls.png,,#a16c03,https://www.salaooval.com.br/equipe/caipiras-owls/
Cruzeiro Guardians,https://www.salaooval.com.br/wp-content/uploads/2018/06/sp_cruzeiro_guardians.png,,#073448,https://www.salaooval.com.br/equipe/cruzeiro-guardians/
Ducks Football,https://www.salaooval.com.br/wp-content/uploads/2016/07/sp_ducks_football.png,,#a90227,https://www.salaooval.com.br/equipe/ducks-football/
Guaçu Snake’s River,https://www.salaooval.com.br/wp-content/uploads/2016/07/sp_guacu_snakesrivers.png,,#0e2147,https://www.salaooval.com.br/equipe/guacu-snakes-river/
Guaratinguetá White Cranes,https://www.salaooval.com.br/wp-content/uploads/2016/07/sp_guaratingueta_white_cranes.png,,#074467,https://www.salaooval.com.br/equipe/guaratingueta-white-cranes/
Itapecerica Greens,https://www.salaooval.com.br/wp-content/uploads/2016/07/sp_itapecerica_greens-1.png,,#083002,https://www.salaooval.com.br/equipe/itapecerica-greens/
Lençóis Paulista Readers,https://www.salaooval.com.br/wp-content/uploads/2016/07/sp_lencois_paulista_readers.png,,#e7aa34,https://www.salaooval.com.br/equipe/lencois-paulista-readers/
Monte Mor Calangos,https://www.salaooval.com.br/wp-content/uploads/2016/07/sp_monte_mor_calangos.png,,#015125,https://www.salaooval.com.br/equipe/monte-mor-calangos/
Piracicaba Cane Cutters,https://www.salaooval.com.br/wp-content/uploads/2016/07/sp_piracicaba_cane_cutters.png,Piracicaba/SP,#05396d,https://www.salaooval.com.br/times/piracicaba-cane-cutters/
Redlions Football,https://www.salaooval.com.br/wp-content/uploads/2016/07/sc_redlions_football.png,Joinville/SC,#420a13,https://www.salaooval.com.br/times/redlions-football/
Mooca Destroyers,https://www.salaooval.com.br/wp-content/uploads/2016/07/sp_mooca_destroyers.png,São Paulo/SP,#6b0531,https://www.salaooval.com.br/times/mooca-destroyers/
Curitiba Lions,https://www.salaooval.com.br/wp-content/uploads/2016/07/pr_curitiba_lions.png,,#010430,https://www.salaooval.com.br/equipe/curitiba-lions/
Brasília Templários,https://www.salaooval.com.br/wp-content/uploads/2016/07/df_brasilia_templarios_alt.png,Brasília/DF,#1f4996,https://www.salaooval.com.br/times/brasilia-templarios/
Gaspar Black Hawks,https://www.salaooval.com.br/wp-content/uploads/2018/12/sc_black_hawks_alt_2.png,Gaspar/SC,#040405,https://www.salaooval.com.br/times/black-hawks/
Paraná HP,https://www.salaooval.com.br/wp-content/uploads/2016/05/pr_parana_hp-1.png,Curitiba/PR,#00eb4d,https://www.salaooval.com.br/times/parana-hp/
Itaiópolis Xoklengs,https://www.salaooval.com.br/wp-content/uploads/2016/07/sc_itaiopolis_xocklangs.png,,#fab513,https://www.salaooval.com.br/equipe/itaiopolis-xoklengs/
Itajaí Dockers,https://www.salaooval.com.br/wp-content/uploads/2016/07/sc_itajai_dockers-1.png,,#484847,https://www.salaooval.com.br/equipe/itajai-dockers/
Manaus Cavaliers,https://www.salaooval.com.br/wp-content/uploads/2016/07/am_sao_raimundo_cavaliers.png,Manaus/AM,#b80602,https://www.salaooval.com.br/times/manaus-cavaliers/
North Lions,https://www.salaooval.com.br/wp-content/uploads/2016/07/am_north_lions.png,,#c78609,https://www.salaooval.com.br/equipe/north-lions/
Manaus FA,https://www.salaooval.com.br/wp-content/uploads/2022/02/am_manaus_fa.png,Manaus/AM,#00963a,https://www.salaooval.com.br/times/manaus-fa/
Lobos FA,https://www.salaooval.com.br/wp-content/uploads/2019/03/am_lobos_fa.png,,#2d3b54,https://www.salaooval.com.br/equipe/lobos-fa/
Ajuricaba Warriors,https://www.salaooval.com.br/wp-content/uploads/2016/07/am_ajuricaba_warriors.png,,#1a7e3d,https://www.salaooval.com.br/equipe/ajuricaba-warriors/
Amazon Black Hawks,https://www.salaooval.com.br/wp-content/uploads/2016/07/am_amazon_black_hawks-1.png,,#711c1e,https://www.salaooval.com.br/equipe/amazon-black-hawks/
Roma Gladiadores,https://www.salaooval.com.br/wp-content/uploads/2022/02/ce_roma_gladiadores_alt.png,Fortaleza/CE,#efb01c,https://www.salaooval.com.br/times/roma-gladiadores/
Tropa Campina,https://www.salaooval.com.br/wp-content/uploads/2016/06/pb_tropa_campina.png,Campina Grande/PB,#014a29,https://www.salaooval.com.br/times/tropa-campina/
Parnamirim Scorpions,https://www.salaooval.com.br/wp-content/uploads/2022/05/rn_parnamirim_scorpions_alt.png,Parnamirim/RN,#fac700,https://www.salaooval.com.br/times/parnamirim-scorpions/
Maceió Marechais,https://www.salaooval.com.br/wp-content/uploads/2016/05/al_maceio_marechais.png,Maceió/AL,#031c32,https://www.salaooval.com.br/times/maceio-marechais/
Olinda Sharks,https://www.salaooval.com.br/wp-content/uploads/2016/06/pe_olinda_sharks.png,Olinda/PE,#0d4440,https://www.salaooval.com.br/times/olinda-sharks/
Six Spartans,https://www.salaooval.com.br/wp-content/uploads/2023/01/sp_six_spartans.png,São Paulo/SP,#000000,https://www.salaooval.com.br/times/spartans-football/
UFABC Green Reapers,https://www.salaooval.com.br/wp-content/uploads/2016/06/sp_ufabc_green_reapers.png,,#005e16,https://www.salaooval.com.br/equipe/ufabc-green-reapers/
São Paulo Tigers,https://www.salaooval.com.br/wp-content/uploads/2016/06/sp_sao_paulo_tigers.png,,#fe6500,https://www.salaooval.com.br/equipe/sao-paulo-tigers/
Politécnica Rats,https://www.salaooval.com.br/wp-content/uploads/2016/06/sp_politecnica_rats.png,,#7a2309,https://www.salaooval.com.br/equipe/politecnica-rats/
Metodista Skulls,https://www.salaooval.com.br/wp-content/uploads/2016/06/sp_metodista_skulls.png,,#020202,https://www.salaooval.com.br/equipe/metodista-skulls/
Marginals Football,https://www.salaooval.com.br/wp-content/uploads/2016/06/sp_marginals_football.png,,#6b3b24,https://www.salaooval.com.br/equipe/marginals-football/
Vikings FA,https://www.salaooval.com.br/wp-content/uploads/2016/06/sp_maua_vikings.png,,#730b1f,https://www.salaooval.com.br/equipe/vikings-fa/
Nemesis Football,https://www.salaooval.com.br/wp-content/uploads/2016/06/sp_nemesis_football-1.png,,#df0614,https://www.salaooval.com.br/equipe/nemesis-football/
Guarani Indians,https://www.salaooval.com.br/wp-content/uploads/2021/12/sp_guarani_indians_alt.png,Paulínia/SP,#033d2d,https://www.salaooval.com.br/times/guarani-indians/
Prudente Coronéis,https://www.salaooval.com.br/wp-content/uploads/2016/06/sp_prudente_coroneis.png,Presidente Prudente/SP,#fbce04,https://www.salaooval.com.br/times/prudente-coroneis/
Osasco Soldiers,https://www.salaooval.com.br/wp-content/uploads/2016/06/sp_osasco_soldiers.png,,#fac90a,https://www.salaooval.com.br/equipe/osasco-soldiers/
São Miguel Indians,https://www.salaooval.com.br/wp-content/uploads/2016/06/sc_sao_miguel_indians.png,,#7e1217,https://www.salaooval.com.br/equipe/sao-miguel-indians/
Francisco Beltrão Red Feet,https://www.salaooval.com.br/wp-content/uploads/2016/06/pr_fco_beltrao_red_feet.png,Francisco Beltrão/PR,#c8082e,https://www.salaooval.com.br/times/francisco-beltrao-red-feet/
Palotina Celtics,https://www.salaooval.com.br/wp-content/uploads/2016/05/pr_palotina_celtics.png,,#00a648,https://www.salaooval.com.br/equipe/palotina-celtics/
Cascavel Olympians,https://www.salaooval.com.br/wp-content/uploads/2016/05/pr_cascavel_olympians-1.png,,#fdd000,https://www.salaooval.com.br/equipe/cascavel-olympians/
Rio de Janeiro Islanders,https://www.salaooval.com.br/wp-content/uploads/2016/06/rj_rio_de_janeiro_islanders.png,,#1f2057,https://www.salaooval.com.br/equipe/rio-de-janeiro-islanders/
Nova Friburgo Yetis,https://www.salaooval.com.br/wp-content/uploads/2016/06/rj_nova_friburgo_yetis.png,,#0091db,https://www.salaooval.com.br/equipe/nova-friburgo-yetis/
Magé Barões,https://www.salaooval.com.br/wp-content/uploads/2016/06/rj_mage_baroes.png,,#00a3e9,https://www.salaooval.com.br/equipe/mage-baroes/
Macaé Oilers,https://www.salaooval.com.br/wp-content/uploads/2016/06/rj_macae_oilers.png,Macaé/RJ,#f6bc01,https://www.salaooval.com.br/times/macae-oilers/
Teresópolis Rockers,https://www.salaooval.com.br/wp-content/uploads/2016/06/rj_teresopolis_rockers.png,,#1a402b,https://www.salaooval.com.br/equipe/teresopolis-rockers/
Arcoverde Templários,https://www.salaooval.com.br/wp-content/uploads/2016/05/pe_arcoverde_templarios-1.png,Arcoverde/PE,#15382f,https://www.salaooval.com.br/times/arcoverde-templarios/
Recife Horses,https://www.salaooval.com.br/wp-content/uploads/2016/05/pe_recife_horses.png,Recife/PE,#ff0000,https://www.salaooval.com.br/times/recife-horses/
Caruaru Wolves,https://www.salaooval.com.br/wp-content/uploads/2016/05/pe_caruaru_wolves.png,Caruaru/PE,#fb4101,https://www.salaooval.com.br/times/caruaru-wolves/
Tangará Taurus,https://www.salaooval.com.br/wp-content/uploads/2016/05/mt_tangara_taurus.png,,#f70d15,https://www.salaooval.com.br/equipe/tangara-taurus/
Sinop Coyotes,https://www.salaooval.com.br/wp-content/uploads/2019/08/mt_sinop_coyotes_alt.png,Sinop/MT,#b71218,https://www.salaooval.com.br/times/sinop-coyotes/
Rondonópolis Hawks,https://www.salaooval.com.br/wp-content/uploads/2019/08/mt_rondonopolis_hawks_alt.png,Rondonópolis/MT,#081e42,https://www.salaooval.com.br/times/rondonopolis-hawks/
Sorriso Hornets,https://www.salaooval.com.br/wp-content/uploads/2022/04/mt_sorriso_hornets_alt.png,Sorriso/MT,#fce617,https://www.salaooval.com.br/times/sorriso-hornets/
Brasília V8,https://www.salaooval.com.br/wp-content/uploads/2020/02/df_brasilia_v8.png,,#ae1316,https://www.salaooval.com.br/equipe/brasilia-v8/
Gama Leões de Judá,https://www.salaooval.com.br/wp-content/uploads/2022/02/df_gama_leoes_de_juda.png,Taguatinga/DF,#036e50,https://www.salaooval.com.br/times/leoes-de-juda/
Timóteo Titans,https://www.salaooval.com.br/wp-content/uploads/2016/05/mg_timoteo_titans.png,,#06356e,https://www.salaooval.com.br/equipe/timoteo-titans/
Galo Futebol Americano,https://www.salaooval.com.br/wp-content/uploads/2018/12/mg_galo_fa_alt.png,Belo Horizonte/MG,#f7e304,https://www.salaooval.com.br/times/galo-fa/
Uberaba Zebus,https://www.salaooval.com.br/wp-content/uploads/2016/05/mg_uberaba_zebus-1.png,,#ca262a,https://www.salaooval.com.br/equipe/uberaba-zebus/
Uberlândia Lobos,https://www.salaooval.com.br/wp-content/uploads/2019/08/mg_uberlandia_lobos_alt.png,s,#01246c,https://www.salaooval.com.br/times/uberlandia-lobos/
Pouso Alegre Gladiadores,https://www.salaooval.com.br/wp-content/uploads/2022/07/mg_pouso_alegre_gladiatores.png,Pouso Alegre/MG,#d22128,https://www.salaooval.com.br/times/pouso-alegre-gladiadores/
Bento Gonçalves Snakes,https://www.salaooval.com.br/wp-content/uploads/2016/05/rs_bento_goncalves_snakes.png,,#00b73c,https://www.salaooval.com.br/equipe/bento-goncalves-snakes/
Bulldogs FA,https://www.salaooval.com.br/wp-content/uploads/2016/05/rs_bulldogs.png,,#e31e25,https://www.salaooval.com.br/equipe/bulldogs-fa/
Canoas Bulls,https://www.salaooval.com.br/wp-content/uploads/2018/12/rs_bulls_fa_alt.png,Canoas/RS,#9e141b,https://www.salaooval.com.br/times/bulls-fa/
Ijuí Drones,https://www.salaooval.com.br/wp-content/uploads/2016/05/rs_ijui_drones.png,Ijuí/RS,#fbec00,https://www.salaooval.com.br/times/ijui-drones/
Porto Alegre Pumpkins,https://www.salaooval.com.br/wp-content/uploads/2016/05/rs_porto_alegre_pumpkins.png,Porto Alegre/RS,#472e1d,https://www.salaooval.com.br/times/porto-alegre-pumpkins/
São Leopoldo Mustangs,https://www.salaooval.com.br/wp-content/uploads/2016/05/rs_sao_leopoldo_mustangs.png,,#040b2a,https://www.salaooval.com.br/equipe/sao-leopoldo-mustangs/
Santa Cruz Chacais,https://www.salaooval.com.br/wp-content/uploads/2019/03/rs_santa_cruz_chacais_alt.png,Santa Cruz do Sul/RS,#0b1634,https://www.salaooval.com.br/times/santa-cruz-chacais/
Santa Maria Soldiers,https://www.salaooval.com.br/wp-content/uploads/2019/02/rs_santa_maria_soldiers_alt.png,Santa Maria/RS,#656e55,https://www.salaooval.com.br/times/santa-maria-soldiers/
Porto Alegre Pumpkins,https://www.salaooval.com.br/wp-content/uploads/2016/05/rs_porto_alegre_pumpkins.png,Porto Alegre/RS,#472e1d,https://www.salaooval.com.br/times/porto-alegre-pumpkins/
União da Serra,https://www.salaooval.com.br/wp-content/uploads/2022/02/rs_uniao_da_serra.png,Farroupilha/RS,#00d700,https://www.salaooval.com.br/times/uniao-da-serra/
Goiânia Rednecks,https://www.salaooval.com.br/wp-content/uploads/2019/02/go_goiania_rednecks_alt.png,Goiânia/GO,#121f54,https://www.salaooval.com.br/times/goiania-rednecks/
Campo Grande Predadores,https://www.salaooval.com.br/wp-content/uploads/2016/05/ms_campo_grande_predadores.png,Campo Grande/MS,#243223,https://www.salaooval.com.br/times/campo-grande-predadores/
Cuiabá Arsenal,https://www.salaooval.com.br/wp-content/uploads/2018/12/mt_cuiaba_arsenal_alt.png,Cuiabá/MT,#123528,https://www.salaooval.com.br/times/cuiaba-arsenal/
Tubarões do Cerrado,https://www.salaooval.com.br/wp-content/uploads/2016/05/df_tubaroes_do_cerrado.png,,#00468d,https://www.salaooval.com.br/equipe/tubaroes-do-cerrado/
Camboriú Broqueiros,https://www.salaooval.com.br/wp-content/uploads/2016/05/sc_camboriu_broqueiros-1.png,,#1f4537,https://www.salaooval.com.br/equipe/camboriu-broqueiros/
Miners Futebol Americano,https://www.salaooval.com.br/wp-content/uploads/2016/05/sc_miners_fa.png,Criciúma/SC,#daa517,https://www.salaooval.com.br/times/miners-fa/
Joinville Gladiators,https://www.salaooval.com.br/wp-content/uploads/2016/05/sc_joinville_gladiators.png,Joinville/SC,#fb0000,https://www.salaooval.com.br/times/joinville-gladiators/
Corupá Buffalos,https://www.salaooval.com.br/wp-content/uploads/2016/05/sc_corupa_buffalos.png,Corupá/SC,#dc021e,https://www.salaooval.com.br/times/corupa-buffalos/
Timbó Rex,https://www.salaooval.com.br/wp-content/uploads/2018/12/sc_timbo_rex_alt.png,Timbó/SC,#000000,https://www.salaooval.com.br/times/timbo-rex/
Flamengo Imperadores,https://www.salaooval.com.br/wp-content/uploads/2020/03/rj_flamengo_imperadores_alt.png,Rio de Janeiro/RJ,#e32317,https://www.salaooval.com.br/times/flamengo-imperadores/
Vasco Almirantes,https://www.salaooval.com.br/wp-content/uploads/2019/01/rj_vasco_almirantes_alt.png,Rio de Janeiro/RJ,#000000,https://www.salaooval.com.br/times/vasco-almirantes/
América Locomotiva,https://www.salaooval.com.br/wp-content/uploads/2017/12/mg_america_locomotiva.png,Belo Horizonte/MG,#066c3c,https://www.salaooval.com.br/times/america-locomotiva/
Cabritos FA,https://www.salaooval.com.br/wp-content/uploads/2016/05/es_rio_branco_cabritos.png,,#030303,https://www.salaooval.com.br/equipe/cabritos-fa/
Tritões Futebol Americano,https://www.salaooval.com.br/wp-content/uploads/2022/02/es_tritoes_alt.png,Vila Velha/ES,#fd371b,https://www.salaooval.com.br/times/tritoes-fa/
Santa Cruz Pirates,https://www.salaooval.com.br/wp-content/uploads/2022/02/pe_santa_cruz_pirates.png,Recife/PE,#fb0302,https://www.salaooval.com.br/times/recife-pirates/
Cavalaria 2 de Julho,https://www.salaooval.com.br/wp-content/uploads/2016/05/ba_cavalaria_2_de_julho.png,Salvador/BA,#303057,https://www.salaooval.com.br/times/cavalaria-2-de-julho/
Sergipe Redentores,https://www.salaooval.com.br/wp-content/uploads/2016/05/se_sergipe_redentores.png,Aracaju/SE,#00c6b4,https://www.salaooval.com.br/times/sergipe-redentores/
João Pessoa Espectros,https://www.salaooval.com.br/wp-content/uploads/2019/02/pb_joao_pessoa_espectros_Alt.png,João Pessoa/PB,#c61e24,https://www.salaooval.com.br/times/joao-pessoa-espectros/
UFERSA Petroleiros,https://www.salaooval.com.br/wp-content/uploads/2016/06/rn_ufersa_petroleiros.png,Mossoró/RN,#d83b00,https://www.salaooval.com.br/times/ufersa-petroleiros/
Ceará Caçadores,https://www.salaooval.com.br/wp-content/uploads/2020/03/ce_ceara_cacadores_alt.png,Fortaleza/CE,#000000,https://www.salaooval.com.br/times/ceara-cacadores/
América Bulls,https://www.salaooval.com.br/wp-content/uploads/2016/05/rn_america_bulls-1.png,Natal/RN,#fe0f15,https://www.salaooval.com.br/times/bulls-potiguares/
Recife Mariners,https://www.salaooval.com.br/wp-content/uploads/2017/03/pe_recife_mariners.png,Recife/PE,#005daa,https://www.salaooval.com.br/times/recife-mariners/
Londrina Bristlebacks,https://www.salaooval.com.br/wp-content/uploads/2016/05/pr_londrina_bristlebacks.png,Londrina/PR,#fd1922,https://www.salaooval.com.br/times/londrina-bristlebacks/
Norte Paraná,https://www.salaooval.com.br/wp-content/uploads/2016/05/pr_norte_parana.png,,#534940,https://www.salaooval.com.br/equipe/norte-parana/
Brown Spiders,https://www.salaooval.com.br/wp-content/uploads/2016/05/pr_brown_spiders-2.png,Curitiba/PR,#db5c1b,https://www.salaooval.com.br/times/brown-spiders/
Paraná HP,https://www.salaooval.com.br/wp-content/uploads/2016/05/pr_parana_hp-1.png,Curitiba/PR,#00eb4d,https://www.salaooval.com.br/times/parana-hp/
Paraná Clube Guardian Saints,https://www.salaooval.com.br/wp-content/uploads/2016/05/pr_parana_guardian_saints.png,Curitiba/PR,#17417d,https://www.salaooval.com.br/times/guardian-saints/
Maringá Pyros,https://www.salaooval.com.br/wp-content/uploads/2018/02/pr_maringa_pyros.png,Maringá/PR,#d10314,https://www.salaooval.com.br/times/maringa-pyros/
Foz do Iguaçu Black Sharks,https://www.salaooval.com.br/wp-content/uploads/2016/05/pr_foz_do_iguacu_black_sharks.png,Foz do Iguaçu/PR,#921d01,https://www.salaooval.com.br/times/foz-do-iguacu-black-sharks/
Coritiba Crocodiles,https://www.salaooval.com.br/wp-content/uploads/2022/02/pr_coritiba_crocodiles_alt.png,Curitiba/PR,#19635a,https://www.salaooval.com.br/times/coritiba-crocodiles/
Underdogs Football,https://www.salaooval.com.br/wp-content/uploads/2016/05/sp_underdogs_football.png,,#01718d,https://www.salaooval.com.br/equipe/underdogs-football/
Ocelots Futebol Americano,https://www.salaooval.com.br/wp-content/uploads/2017/01/sp_ocelots_football.png,Jundiaí/SP,#f37231,https://www.salaooval.com.br/times/ocelots-fa/
Tomahawk Futebol Americano,https://www.salaooval.com.br/wp-content/uploads/2020/02/sp_independente_tomahawk.png,s,#b72027,https://www.salaooval.com.br/times/tomahawk-fa/
Empyreo Leme Lizards,https://www.salaooval.com.br/wp-content/uploads/2016/05/sp_leme_lizards.png,s,#035699,https://www.salaooval.com.br/times/empyreo-leme-lizards/
Sorocaba Vipers,https://www.salaooval.com.br/wp-content/uploads/2016/05/sp_sorocaba_vipers-1.png,Sorocaba/SP,#54007a,https://www.salaooval.com.br/times/sorocaba-vipers/
Araçatuba Touros,https://www.salaooval.com.br/wp-content/uploads/2017/08/sp_aracatuba_touros.png,Araçatuba/SP,#f7151c,https://www.salaooval.com.br/times/aracatuba-touros/
Rio Preto Weilers,https://www.salaooval.com.br/wp-content/uploads/2016/05/sp_rio_preto_weillers.png,São José do Rio Preto/SP,#fae109,https://www.salaooval.com.br/times/rio-preto-weilers/
Campo Grande Gravediggers,https://www.salaooval.com.br/wp-content/uploads/2016/05/ms_operario_gravediggers.png,,#fdf000,https://www.salaooval.com.br/equipe/campo-grande-gravediggers/
Ribeirão Preto Alligators,https://www.salaooval.com.br/wp-content/uploads/2016/05/sp_ribeirao_preto_alligators.png,,#0ace2b,https://www.salaooval.com.br/equipe/ribeirao-preto-alligators/
Votuporanga Mohawks,https://www.salaooval.com.br/wp-content/uploads/2016/05/sp_votuporanga_mohawks.png,,#048d5a,https://www.salaooval.com.br/equipe/votuporanga-mohawks/
Ponte Preta Gorilas,https://www.salaooval.com.br/wp-content/uploads/2016/05/sp_ponte_preta_gorilas.png,,#010101,https://www.salaooval.com.br/equipe/ponte-preta-gorilas/
Palmeiras Locomotives,https://www.salaooval.com.br/wp-content/uploads/2018/02/sp_palmeiras_locomotives.png,São Paulo/SP,#064f2d,https://www.salaooval.com.br/times/palmeiras-locomotives/
São Caetano Blue Birds,https://www.salaooval.com.br/wp-content/uploads/2016/05/sp_sao_caetano_bluebirds.png,,#061644,https://www.salaooval.com.br/equipe/sao-caetano-blue-birds/
Santos Tsunami,https://www.salaooval.com.br/wp-content/uploads/2016/05/sp_santos_tsunami.png,Santos/SP,#00549d,https://www.salaooval.com.br/times/santos-tsunami/
Guarulhos Rhynos,https://www.salaooval.com.br/wp-content/uploads/2022/02/sp_guarulhos_rhynos_alt.png,São Paulo/SP,#181815,https://www.salaooval.com.br/times/Guarulhos-Rhynos/
Corinthians Steamrollers,https://www.salaooval.com.br/wp-content/uploads/2016/05/sp_corinthians_steamrollers-1.png,São Paulo/SP,#ec2f21,https://www.salaooval.com.br/times/corinthians-steamrollers/
São Paulo Storm,https://www.salaooval.com.br/wp-content/uploads/2016/05/sp_sao_paulo_storm.png,São Paulo/SP,#004479,https://www.salaooval.com.br/times/sao-paulo-storm/
