Data,Mandante,Hor/Res,Visitante,Fase,Torneio,Campo,Pontos Mandante,Pontos Visitante,Vencedor,Defensor do Título
2008-10-25 14:00:00,Brown Spiders,33 - 10,Coritiba Crocodiles,,Amistoso,,33,10,Brown Spiders, - 
2009-08-07 14:00:00,JEC Gladiators,08 - 21,Brown Spiders,,Torneio Touchdown 2009,,8,21,Brown Spiders,Brown Spiders
2009-08-22 14:00:00,Brown Spiders,20 - 23,Coritiba Crocodiles,,Torneio Touchdown 2009,,20,23,Coritiba Crocodiles,Brown Spiders
2009-09-12 14:00:00,Coritiba Crocodiles,31 - 21,JEC Gladiators,,Torneio Touchdown 2009,,31,21,Coritiba Crocodiles,Coritiba Crocodiles
2009-10-11 14:00:00,Coritiba Crocodiles,12 - 20,Brown Spiders,,Torneio Touchdown 2009,,12,20,Brown Spiders,Coritiba Crocodiles
2009-11-07 14:00:00,Brown Spiders,00 - 12,JEC Gladiators,,Torneio Touchdown 2009,,0,12,JEC Gladiators,Brown Spiders
2009-11-10 14:00:00,Istepôs FA,00 - 28,JEC Gladiators,,Campeonato Catarinense 2009,,0,28,JEC Gladiators,JEC Gladiators
2009-11-15 14:00:00,JEC Gladiators,41 - 06,Brusque Admirals,,Campeonato Catarinense 2009,,41,6,JEC Gladiators,JEC Gladiators
2009-12-12 14:00:00,JEC Gladiators,21 - 14,Istepôs FA,,Campeonato Catarinense 2009,,21,14,JEC Gladiators,JEC Gladiators
2010-04-07 14:00:00,JEC Gladiators,21 - 16,Jaraguá Breakers,,Campeonato Catarinense 2010,,21,16,JEC Gladiators,JEC Gladiators
2010-05-02 14:00:00,JEC Gladiators,51 - 06,Corupá Buffalos,,Campeonato Catarinense 2010,,51,6,JEC Gladiators,JEC Gladiators
2010-05-15 14:00:00,Jaraguá Breakers,07 - 54,JEC Gladiators,,Campeonato Catarinense 2010,,7,54,JEC Gladiators,JEC Gladiators
2010-05-23 14:00:00,Timbó Rex,00 - 28,JEC Gladiators,,Campeonato Catarinense 2010,,0,28,JEC Gladiators,JEC Gladiators
2010-05-30 14:00:00,JEC Gladiators,81 - 00,Tubarão Predadores,,Campeonato Catarinense 2010,,81,0,JEC Gladiators,JEC Gladiators
2010-06-13 14:00:00,Corupá Buffalos,14 - 35,JEC Gladiators,,Campeonato Catarinense 2010,,14,35,JEC Gladiators,JEC Gladiators
2010-06-27 14:00:00,JEC Gladiators,27 - 00,Timbó Rex,,Campeonato Catarinense 2010,,27,0,JEC Gladiators,JEC Gladiators
2010-07-10 14:00:00,Blumenau Riesen,00 - 33,JEC Gladiators,,Campeonato Catarinense 2010,,0,33,JEC Gladiators,JEC Gladiators
2010-08-01 14:00:00,JEC Gladiators,12 - 00,Timbó Rex,,Campeonato Catarinense 2010,,12,0,JEC Gladiators,JEC Gladiators
2010-08-15 14:00:00,JEC Gladiators,20 - 07,Istepôs FA,,Campeonato Catarinense 2010,,20,7,JEC Gladiators,JEC Gladiators
2010-08-21 14:00:00,Timbó Rex,27 - 34,JEC Gladiators,,Liga Brasileira 2010,Timbó/SC,27,34,JEC Gladiators,JEC Gladiators
2010-09-11 14:00:00,Coritiba Crocodiles,35 - 08,JEC Gladiators,,Liga Brasileira 2010,Balsa Nova/PR,35,8,Coritiba Crocodiles,JEC Gladiators
2010-10-09 14:00:00,Timbó Rex,00 - 49,Coritiba Crocodiles,,Liga Brasileira 2010,Timbó/SC,0,49,Coritiba Crocodiles,Coritiba Crocodiles
2010-10-23 14:00:00,Coritiba Crocodiles,24 - 00,Porto Alegre Pumpkins,,Liga Brasileira 2010,Balsa Nova/PR,24,0,Coritiba Crocodiles,Coritiba Crocodiles
2010-11-13 14:00:00,JEC Gladiators,22 - 17,Coritiba Crocodiles,,Liga Brasileira 2010,Joinville/SC,22,17,JEC Gladiators,Coritiba Crocodiles
2010-11-27 14:00:00,Foz do Iguaçu Black Sharks,12 - 22,JEC Gladiators,,Liga Brasileira 2010,,12,22,JEC Gladiators,JEC Gladiators
2010-12-04 14:00:00,Coritiba Crocodiles,19 - 13,JEC Gladiators,,Liga Brasileira 2010,,19,13,Coritiba Crocodiles,JEC Gladiators
2010-12-18 15:00:00,Cuiabá Arsenal,49 - 21,Coritiba Crocodiles,,Liga Brasileira 2010,,49,21,Cuiabá Arsenal,Coritiba Crocodiles
2011-07-16 14:00:00,Cuiabá Arsenal,10 - 09,São Paulo Storm,,Liga Brasileira 2011,Cuiabá/MT,10,9,Cuiabá Arsenal,Cuiabá Arsenal
2011-08-06 14:00:00,Spartans Football,14 - 41,Cuiabá Arsenal,,Liga Brasileira 2011,Jaú/SP,14,41,Cuiabá Arsenal,Cuiabá Arsenal
2011-09-03 14:00:00,JEC Gladiators,25 - 22,Cuiabá Arsenal,,Liga Brasileira 2011,Joinville/SC,25,22,JEC Gladiators,Cuiabá Arsenal
2011-09-18 14:00:00,JEC Gladiators,21 - 41,Coritiba Crocodiles,,Liga Brasileira 2011,Joinville/SC,21,41,Coritiba Crocodiles,JEC Gladiators
2011-10-08 14:00:00,Istepôs FA,13 - 26,Coritiba Crocodiles,,Liga Brasileira 2011,São José/SC,13,26,Coritiba Crocodiles,Coritiba Crocodiles
2011-10-22 14:00:00,Santa Cruz Chacais,00 - 34,Coritiba Crocodiles,,Liga Brasileira 2011,Santa Cruz do Sul/RS,0,34,Coritiba Crocodiles,Coritiba Crocodiles
2011-11-06 14:00:00,Coritiba Crocodiles,20 - 14,Brown Spiders,,Liga Brasileira 2011,,20,14,Coritiba Crocodiles,Coritiba Crocodiles
2011-11-20 14:30:00,Coritiba Crocodiles,17 - 09,JEC Gladiators,,Liga Brasileira 2011,,17,9,Coritiba Crocodiles,Coritiba Crocodiles
2011-12-10 14:00:00,Coritiba Crocodiles,07 - 14,Flamengo Imperadores,,Liga Brasileira 2011,,7,14,Flamengo Imperadores,Coritiba Crocodiles
2012-07-14 14:00:00,Flamengo Imperadores,49 - 00,Cabritos FA,,Campeonato Brasileiro 2012,Rio de Janeiro/RJ,49,0,Flamengo Imperadores,Flamengo Imperadores
2012-07-28 14:00:00,Locomotiva FA,15 - 22,Flamengo Imperadores,,Campeonato Brasileiro 2012,Belo Horizonte/MG,15,22,Flamengo Imperadores,Flamengo Imperadores
2012-08-26 14:00:00,Flamengo Imperadores,44 - 19,Spartans Football,,Campeonato Brasileiro 2012,Estádio Ronaldo Nazário - Rio de Janeiro/RJ,44,19,Flamengo Imperadores,Flamengo Imperadores
2012-09-15 14:00:00,Brasil Devilz,07 - 47,Flamengo Imperadores,,Campeonato Brasileiro 2012,Barueri/SP,7,47,Flamengo Imperadores,Flamengo Imperadores
2012-09-22 14:00:00,Flamengo Imperadores,09 - 26,Locomotiva FA,,Campeonato Brasileiro 2012,Rio de Janeiro/RJ,9,26,Locomotiva FA,Flamengo Imperadores
2012-10-21 14:00:00,São Paulo Storm,49 - 00,Locomotiva FA,,Campeonato Brasileiro 2012,,49,0,São Paulo Storm,Locomotiva FA
2012-10-27 14:00:00,Flamengo Imperadores,25 - 20,São Paulo Storm,,Campeonato Brasileiro 2012,,25,20,Flamengo Imperadores,São Paulo Storm
2012-11-11 14:00:00,Flamengo Imperadores,15 - 17,Coritiba Crocodiles,,Campeonato Brasileiro 2012,,15,17,Coritiba Crocodiles,Flamengo Imperadores
2012-11-24 14:00:00,Cuiabá Arsenal,31 - 23,Coritiba Crocodiles,,Campeonato Brasileiro 2012,,31,23,Cuiabá Arsenal,Coritiba Crocodiles
2013-06-29 14:00:00,Cuiabá Arsenal,57 - 00,Sinop Coyotes,,Campeonato Brasileiro 2013,Cuiabá/MT,57,0,Cuiabá Arsenal,Cuiabá Arsenal
2013-07-13 14:00:00,Rio Preto Weilers,00 - 46,Cuiabá Arsenal,,Campeonato Brasileiro 2013,São José do Rio Preto/SP,0,46,Cuiabá Arsenal,Cuiabá Arsenal
2013-07-27 14:00:00,Sinop Coyotes,07 - 48,Cuiabá Arsenal,,Campeonato Brasileiro 2013,Sinop/MT,7,48,Cuiabá Arsenal,Cuiabá Arsenal
2013-08-10 14:00:00,Cuiabá Arsenal,42 - 00,Brasil Devilz,,Campeonato Brasileiro 2013,Cuiabá/MT,42,0,Cuiabá Arsenal,Cuiabá Arsenal
2013-08-25 14:00:00,Jacarés do Pantanal,00 - 58,Cuiabá Arsenal,,Campeonato Brasileiro 2013,Campo Grande/MS,0,58,Cuiabá Arsenal,Cuiabá Arsenal
2013-09-07 14:00:00,Cuiabá Arsenal,93 - 00,Jacarés do Pantanal,,Campeonato Brasileiro 2013,Cuiabá/MT,93,0,Cuiabá Arsenal,Cuiabá Arsenal
2013-10-12 14:00:00,Cuiabá Arsenal,13 - 16,Istepôs FA,,Campeonato Brasileiro 2013,,13,16,Istepôs FA,Cuiabá Arsenal
2013-11-23 14:00:00,Coritiba Crocodiles,13 - 09,Istepôs FA,,Campeonato Brasileiro 2013,,13,9,Coritiba Crocodiles,Istepôs FA
2013-12-14 14:00:00,João Pessoa Espectros,13 - 24,Coritiba Crocodiles,,Campeonato Brasileiro 2013,,13,24,Coritiba Crocodiles,Coritiba Crocodiles
2014-03-16 14:00:00,Paraná HP,00 - 10,Coritiba Crocodiles,,Campeonato Paranaense 2014,Centro Esportivo Fanático - Campo Largo/PR,0,10,Coritiba Crocodiles,Coritiba Crocodiles
2014-03-30 14:00:00,UFPR Legends,03 - 22,Coritiba Crocodiles,,Campeonato Paranaense 2014,UFPR Campus de Agrárias - Curitiba/PR,3,22,Coritiba Crocodiles,Coritiba Crocodiles
2014-04-12 14:00:00,Coritiba Crocodiles,27 - 00,Brown Spiders,,Campeonato Paranaense 2014,Clube Imperial - Curitiba/PR,27,0,Coritiba Crocodiles,Coritiba Crocodiles
2014-04-26 14:00:00,Coritiba Crocodiles,49 - 03,Maringá Pyros,,Campeonato Paranaense 2014,Curitiba/PR,49,3,Coritiba Crocodiles,Coritiba Crocodiles
2014-05-17 14:00:00,Coritiba Crocodiles,70 - 00,Unicentro Knights,,Campeonato Paranaense 2014,Clube Imperial - Curitiba/PR,70,0,Coritiba Crocodiles,Coritiba Crocodiles
2014-06-01 14:00:00,Foz do Iguaçu Black Sharks,02 - 21,Coritiba Crocodiles,,Campeonato Paranaense 2014,Foz do Iguaçu/PR,2,21,Coritiba Crocodiles,Coritiba Crocodiles
2014-06-15 14:00:00,PRC Guardian Saints,02 - 72,Coritiba Crocodiles,,Campeonato Paranaense 2014,Curitiba/PR,2,72,Coritiba Crocodiles,Coritiba Crocodiles
2014-07-05 15:00:00,Coritiba Crocodiles,07 - 06,Paraná HP,,Campeonato Paranaense 2014,,7,6,Coritiba Crocodiles,Coritiba Crocodiles
2014-08-03 14:00:00,Coritiba Crocodiles,22 - 00,Istepôs FA,,Superliga Nacional 2014,Curitiba/PR,22,0,Coritiba Crocodiles,Coritiba Crocodiles
2014-08-30 18:30:00,Goiânia Rednecks,00 - 44,Coritiba Crocodiles,,Superliga Nacional 2014,SESI Ferreira Pacheco - Goiânia/GO,0,44,Coritiba Crocodiles,Coritiba Crocodiles
2014-09-14 14:00:00,Coritiba Crocodiles,45 - 09,Cuiabá Arsenal,,Superliga Nacional 2014,Clube Imperial - Curitiba/PR,45,9,Coritiba Crocodiles,Coritiba Crocodiles
2014-10-11 14:00:00,São Paulo Storm,34 - 65,Coritiba Crocodiles,,Superliga Nacional 2014,São Paulo/SP,34,65,Coritiba Crocodiles,Coritiba Crocodiles
2014-11-16 14:00:00,Coritiba Crocodiles,35 - 21,Cuiabá Arsenal,,Superliga Nacional 2014,,35,21,Coritiba Crocodiles,Coritiba Crocodiles
2014-12-14 16:00:00,Coritiba Crocodiles,23 - 17,João Pessoa Espectros,,Superliga Nacional 2014,,23,17,Coritiba Crocodiles,Coritiba Crocodiles
2015-03-01 15:00:18,Coritiba Crocodiles,31 - 06,Maringá Pyros,,Campeonato Paranaense 2015,Campo União Capão Raso - Curitiba/PR,31,6,Coritiba Crocodiles,Coritiba Crocodiles
2015-03-14 14:00:18,Coritiba Crocodiles,07 - 14,Paraná HP,,Campeonato Paranaense 2015,Centro Esportivo Fanático - Campo Largo/PR,7,14,Paraná HP,Coritiba Crocodiles
2015-03-29 14:00:18,Maringá Pyros,09 - 38,Paraná HP,,Campeonato Paranaense 2015,Estádio Municipal - Apucarana/PR,9,38,Paraná HP,Paraná HP
2015-04-12 14:00:18,Paraná HP,81 - 06,Unicentro Knights,,Campeonato Paranaense 2015,Centro Esportivo Fanático - Campo Largo/PR,81,6,Paraná HP,Paraná HP
2015-04-25 14:00:18,Paraná HP,107 - 00,Norte Paraná,,Campeonato Paranaense 2015,Centro Esportivo Fanático - Campo Largo/PR,107,0,Paraná HP,Paraná HP
2015-05-09 14:00:18,Paraná HP,21 - 06,Brown Spiders,,Campeonato Paranaense 2015,Centro Esportivo Fanático - Campo Largo/PR,21,6,Paraná HP,Paraná HP
2015-05-30 14:00:18,PRC Guardian Saints,00 - 92,Paraná HP,,Campeonato Paranaense 2015,Campo União Capão Raso - Curitiba/PR,0,92,Paraná HP,Paraná HP
2015-06-20 14:00:18,Paraná HP,12 - 21,Coritiba Crocodiles,,Campeonato Paranaense 2015,,12,21,Coritiba Crocodiles,Paraná HP
2015-08-01 14:00:15,Goiânia Rednecks,06 - 34,Coritiba Crocodiles,,Superliga Nacional 2015,,6,34,Coritiba Crocodiles,Coritiba Crocodiles
2015-08-16 14:00:15,Coritiba Crocodiles,14 - 23,Cuiabá Arsenal,,Superliga Nacional 2015,Clube Imperial - Curitiba/PR,14,23,Cuiabá Arsenal,Coritiba Crocodiles
2015-08-29 14:30:15,Goiânia Rednecks,20 - 37,Cuiabá Arsenal,,Superliga Nacional 2015,Estádio Hailé Pinheiro - Goiânia/GO,20,37,Cuiabá Arsenal,Cuiabá Arsenal
2015-09-12 14:00:15,Cuiabá Arsenal,27 - 20,São Paulo Storm,,Superliga Nacional 2015,,27,20,Cuiabá Arsenal,Cuiabá Arsenal
2015-10-11 14:30:15,Cuiabá Arsenal,40 - 16,Itapema White Sharks,,Superliga Nacional 2015,,40,16,Cuiabá Arsenal,Cuiabá Arsenal
2015-11-07 14:00:15,Foz do Iguaçu Black Sharks,27 - 21,Cuiabá Arsenal,,Superliga Nacional 2015,Campo da Vila A – Foz do Iguaçu/PR,27,21,Foz do Iguaçu Black Sharks,Cuiabá Arsenal
2016-03-13 09:00:18,Foz do Iguaçu Black Sharks,00 - 20,Brown Spiders,,Campeonato Paranaense 2016,Campo do Gresfi - Foz do Iguaçu/PR,0,20,Brown Spiders,Foz do Iguaçu Black Sharks
2016-04-02 14:00:58,Londrina Bristlebacks,09 - 39,Brown Spiders,,Campeonato Paranaense 2016,Campo Estrela - Ibiporã/PR,9,39,Brown Spiders,Brown Spiders
2016-04-16 14:00:15,Brown Spiders,12 - 13,Paraná HP,,Campeonato Paranaense 2016,Croco Stadium - Curitiba/PR,12,13,Paraná HP,Brown Spiders
2016-05-01 14:00:11,Paraná HP,75 - 07,Londrina Bristlebacks,,Campeonato Paranaense 2016,Centro Esportivo Fanático - Campo Largo/PR,75,7,Paraná HP,Paraná HP
2016-05-29 14:00:52,Paraná HP,41 - 00,Londrina Bristlebacks,,Campeonato Paranaense 2016,,41,0,Paraná HP,Paraná HP
2016-06-19 13:00:33,Coritiba Crocodiles,00 - 14,Paraná HP,,Campeonato Paranaense 2016,,0,14,Paraná HP,Paraná HP
2016-07-10 13:00:50,Coritiba Crocodiles,10 - 03,Paraná HP,,Superliga Nacional 2016,Campo da Univ. Positivo - Curitiba/PR,10,3,Coritiba Crocodiles,Paraná HP
2016-08-06 14:00:50,Brown Spiders,14 - 42,Coritiba Crocodiles,,Superliga Nacional 2016,Croco Stadium - Curitiba/PR,14,42,Coritiba Crocodiles,Coritiba Crocodiles
2016-08-20 14:00:50,União da Serra/Juventude FA,00 - 21,Coritiba Crocodiles,,Superliga Nacional 2016,Clube União Forquetense - Caxias do Sul/RS,0,21,Coritiba Crocodiles,Coritiba Crocodiles
2016-09-03 14:00:50,Coritiba Crocodiles,13 - 02,Foz do Iguaçu Black Sharks,,Superliga Nacional 2016,Croco Stadium - Curitiba/PR,13,2,Coritiba Crocodiles,Coritiba Crocodiles
2016-09-24 14:00:50,São José WSI,22 - 27,Coritiba Crocodiles,,Superliga Nacional 2016,Colégio Forquilhão - São José/SC,22,27,Coritiba Crocodiles,Coritiba Crocodiles
2016-10-09 14:00:50,Coritiba Crocodiles,06 - 25,Timbó Rex,,Superliga Nacional 2016,Croco Stadium - Curitiba/PR,6,25,Timbó Rex,Coritiba Crocodiles
2016-10-22 15:00:10,Timbó Rex,12 - 00,São José WSI,,Superliga Nacional 2016,,12,0,Timbó Rex,Timbó Rex
2016-11-13 15:00:10,Timbó Rex,15 - 00,Coritiba Crocodiles,,Superliga Nacional 2016,,15,0,Timbó Rex,Timbó Rex
2016-11-26 18:00:10,Cuiabá Arsenal,07 - 20,Timbó Rex,,Superliga Nacional 2016,,7,20,Timbó Rex,Timbó Rex
2016-12-18 14:00:10,Flamengo Imperadores,24 - 36,Timbó Rex,,Superliga Nacional 2016,,24,36,Timbó Rex,Timbó Rex
2017-04-15 14:30:16,Timbó Rex,38 - 08,Black Hawks,,Campeonato Catarinense 2017,Complexo Esportivo - Timbó/SC,38,8,Timbó Rex,Timbó Rex
2017-04-29 14:30:16,Miners FA,00 - 41,Timbó Rex,,Campeonato Catarinense 2017,Estádio Valmor Mário Guollo - Cocal do Sul/SC,0,41,Timbó Rex,Timbó Rex
2017-06-11 14:30:16,Timbó Rex,10 - 07,Jaraguá Breakers,,Campeonato Catarinense 2017,,10,7,Timbó Rex,Timbó Rex
2017-06-25 14:30:16,Timbó Rex,28 - 07,Istepôs FA,,Campeonato Catarinense 2017,,28,7,Timbó Rex,Timbó Rex
2017-07-23 14:00:00,Timbó Rex,34 - 07,Paraná HP,,BFA 2017,Complexo Esportivo - Timbó/SC,34,7,Timbó Rex,Timbó Rex
2017-08-05 14:30:00,Timbó Rex,27 - 00,União da Serra/Juventude FA,,BFA 2017,Complexo Esportivo - Timbó/SC,27,0,Timbó Rex,Timbó Rex
2017-08-20 14:30:00,Brown Spiders,03 - 30,Timbó Rex,,BFA 2017,Croco Stadium - Curitiba/PR,3,30,Timbó Rex,Timbó Rex
2017-09-02 14:00:00,Santa Maria Soldiers,13 - 14,Timbó Rex,,BFA 2017,Estádio Presidente Vargas - Santa Maria/RS,13,14,Timbó Rex,Timbó Rex
2017-09-17 14:30:00,Timbó Rex,42 - 00,Istepôs FA,,BFA 2017,Complexo Esportivo - Timbó/SC,42,0,Timbó Rex,Timbó Rex
2017-10-01 14:00:00,Coritiba Crocodiles,12 - 22,Timbó Rex,,BFA 2017,Croco Stadium - Curitiba/PR,12,22,Timbó Rex,Timbó Rex
2017-10-15 14:30:06,Timbó Rex,07 - 10,Coritiba Crocodiles,,BFA 2017,,7,10,Coritiba Crocodiles,Timbó Rex
2017-10-28 15:00:06,Santa Maria Soldiers,06 - 35,Coritiba Crocodiles,,BFA 2017,,6,35,Coritiba Crocodiles,Coritiba Crocodiles
2017-11-18 16:00:06,Coritiba Crocodiles,10 - 17,Galo FA,,BFA 2017,,10,17,Galo FA,Coritiba Crocodiles
2017-12-03 14:00:00,Piratas da Serra,49 - 00,Galo FA,,Copa Ouro 2017,W.O.,49,0,Piratas da Serra,Galo FA
2018-02-18 10:00:00,Cruzeiro FA,39 - 00,Piratas da Serra,,Copa Ouro 2017,Estádio Jurandir Elias - Betim/MG,39,0,Cruzeiro FA,Piratas da Serra
2018-03-24 14:30:00,Cruzeiro FA,11 - 14,Contagem Inconfidentes,,Campeonato Mineiro 2018,Estádio Jurandir Elias - Betim/MG,11,14,Contagem Inconfidentes,Cruzeiro FA
2018-05-06 10:00:00,Contagem Inconfidentes,07 - 67,Juiz de Fora Imperadores,,Campeonato Mineiro 2018,CSU Amazonas - Contagem/MG,7,67,Juiz de Fora Imperadores,Contagem Inconfidentes
2018-07-21 00:00:00,Vasco Almirantes,49 - 00,Juiz de Fora Imperadores,,BFA 2018,W.O.,49,0,Vasco Almirantes,Juiz de Fora Imperadores
2018-08-11 14:00:00,São Paulo Storm,15 - 18,Vasco Almirantes,,BFA 2018,CT Touchdown - São Paulo/SP,15,18,Vasco Almirantes,Vasco Almirantes
2018-08-26 14:30:00,Vasco Almirantes,14 - 06,Flamengo Imperadores,,BFA 2018,Estádio José de Alvarenga - Belford Roxo/RJ,14,6,Vasco Almirantes,Vasco Almirantes
2018-09-08 14:30:00,Vasco Almirantes,22 - 30,Guarulhos Rhynos,,BFA 2018,Rua Bariri - Rio de Janeiro/RJ,22,30,Guarulhos Rhynos,Vasco Almirantes
2018-09-30 10:00:00,Guarulhos Rhynos,20 - 44,Galo FA,,BFA 2018,Estádio do Canindé - São Paulo/SP,20,44,Galo FA,Guarulhos Rhynos
2018-10-14 14:00:00,Contagem Inconfidentes,06 - 07,Galo FA,,Copa Ouro 2017,Matias Barbosa/MG,6,7,Galo FA,Galo FA
2018-10-20 15:00:00,Galo FA,59 - 00,Vasco Almirantes,,BFA 2018,SESC Venda Nova - Belo Horizonte/MG,59,0,Galo FA,Galo FA
2018-11-03 15:00:00,Galo FA,53 - 00,Botafogo Reptiles,,BFA 2018,,53,0,Galo FA,Galo FA
2018-11-17 18:00:00,Galo FA,47 - 14,Tritões FA,,BFA 2018,,47,14,Galo FA,Galo FA
2018-12-01 18:00:00,Galo FA,14 - 10,Timbó Rex,,BFA 2018,,14,10,Galo FA,Galo FA
2018-12-09 15:00:00,Galo FA,14 - 16,Locomotiva FA,,Copa Ouro 2017,Faculdade Universo - Belo Horizonte/MG,14,16,Locomotiva FA,Galo FA
2019-01-13 13:00:00,Contagem Inconfidentes,22 - 15,Locomotiva FA,,Copa Ouro 2018,Arena Frigoarnaldo - Contagem/MG,22,15,Contagem Inconfidentes,Locomotiva FA
2019-07-28 15:00:00,Contagem Inconfidentes,48 - 28,Nova Serrana Forgeds,,BFA Acesso 2019,Arena Frigoarnaldo - Contagem/MG,48,28,Contagem Inconfidentes,Contagem Inconfidentes
2019-08-17 14:00:00,Tigres FA,13 - 47,Contagem Inconfidentes,,BFA Acesso 2019,Ipatingão - Ipatinga/MG,13,47,Contagem Inconfidentes,Contagem Inconfidentes
2019-09-01 15:00:00,Contagem Inconfidentes,41 - 33,Blaze FA,,BFA Acesso 2019,Contagem/MG,41,33,Contagem Inconfidentes,Contagem Inconfidentes
2019-09-28 14:00:00,Palmeiras Locomotives,17 - 12,Contagem Inconfidentes,,BFA Acesso 2019,CT Touchdown - São Paulo/SP,17,12,Palmeiras Locomotives,Contagem Inconfidentes
2022-06-26 13:30:00,Vasco Almirantes,16 - 09,Palmeiras Locomotives,,BFA 2022,C. E. Miécimo da Silva - Rio de Janeiro/RJ,16,9,Vasco Almirantes,Palmeiras Locomotives
2022-07-17 14:00:00,Macaé Oilers,06 - 20,Vasco Almirantes,,BFA 2022,Macaé/RJ,6,20,Vasco Almirantes,Vasco Almirantes
2022-08-06 10:00:00,Galo FA,48 - 34,Vasco Almirantes,,BFA 2022,CTE/UFMG - Belo Horizonte/MG,48,34,Galo FA,Vasco Almirantes
2022-08-14 10:00:00,Galo FA,50 - 00,Corinthians Steamrollers,,Brasileirao 2022,CTE/UFMG - Belo Horizonte/MG,50,0,Galo FA,Galo FA
2022-09-03 18:00:00,Sorriso Hornets,00 - 53,Galo FA,,BFA 2022,Toca do Lobo - Sorriso/MT,0,53,Galo FA,Galo FA
2022-09-11 11:00:00,Galo FA,42 - 08,Flamengo Imperadores,,Brasileirao 2022,CTE/UFMG - Belo Horizonte/MG,42,8,Galo FA,Galo FA
2022-09-18 16:00:29,Galo FA,60 - 00,Locomotiva FA,Semifinal SE,BFA 2022,,60,0,Galo FA,Galo FA
2022-09-24 17:00:00,Galo FA,50 - 00,Tritões FA,,Brasileirao 2022,CTE/UFMG - Belo Horizonte/MG,50,0,Galo FA,Galo FA
2022-10-15 18:00:54,Galo FA,35 - 06,Vasco Almirantes,Final SE,BFA 2022,,35,6,Galo FA,Galo FA
2022-11-02 18:00:20,Galo FA,18 - 11,João Pessoa Espectros,,BFA 2022,,18,11,Galo FA,Galo FA
2022-11-05 17:00:58,Galo FA,29 - 14,Flamengo Imperadores,Quartas de Final,Brasileirao 2022,,29,14,Galo FA,Galo FA
2022-11-12 17:00:50,Galo FA,20 - 00,Rio Preto Weilers,,Brasileirao 2022,,20,0,Galo FA,Galo FA
2022-11-19 15:00:47,Timbó Rex,30 - 20,Galo FA,,BFA 2022,,30,20,Timbó Rex,Galo FA
2023-07-08 17:00:00,Timbó Rex,35 - 00,União da Serra/Juventude FA,,BFA 2023,Complexo Esportivo - Timbó/SC,35,0,Timbó Rex,Timbó Rex
2023-07-29 14:00:00,Santa Maria Soldiers,08 - 26,Timbó Rex,,BFA 2023,Estádio dos Eucaliptos - Santa Maria/RS,8,26,Timbó Rex,Timbó Rex
2023-08-19 15:00:00,Almirantes FA,12 - 17,Timbó Rex,,BFA 2023,Estádio Camilo Mussi - Itajaí/SC,12,17,Timbó Rex,Timbó Rex
2023-10-14 15:00:00,Timbó Rex,10 - 00,Istepôs FA,,BFA 2023,Complexo Esportivo - Timbó/SC,10,0,Timbó Rex,Timbó Rex
2023-10-28 17:00:06,Timbó Rex,17 - 00,União da Serra/Juventude FA,-,BFA 2023,,17,0,Timbó Rex,Timbó Rex
2023-11-11 20:00:10,Timbó Rex,12 - 15,Almirantes FA,-,BFA 2023,,12,15,Almirantes FA,Timbó Rex
2023-11-25 15:00:11,Recife Mariners,06 - 25,Almirantes FA,,BFA 2023,,6,25,Almirantes FA,Almirantes FA
2023-12-16 15:00:34,Almirantes FA,14 - 21,Galo FA,,BFA 2023,,14,21,Galo FA,Almirantes FA
2024-06-02 10:00:00,Galo FA,28 - 07,Uberlândia Lobos,,Campeonato Mineiro 2024,,28,7,Galo FA,Galo FA
2024-06-22 14:00:00,Galo FA,41 - 03,Nova Serrana Forgeds,,Campeonato Mineiro 2024,,41,3,Galo FA,Galo FA
2024-07-06 14:00:00,Locomotiva FA,12 - 19,Galo FA,,Campeonato Mineiro 2024,,12,19,Galo FA,Galo FA
2024-08-03 16:00:00,Galo FA,20 - 13,Vasco Almirantes,,BFA 2024,CTE/UFMG - Belo Horizonte/MG,20,13,Galo FA,Galo FA
2024-08-24 14:00:00,Manaus FA,00 - 23,Galo FA,,BFA 2024,Estádio Ismael Benigno - Manaus/AM,0,23,Galo FA,Galo FA
2024-09-01 14:00:00,Locomotiva FA,00 - 33,Galo FA,,BFA 2024,Faculdade Universo - Belo Horizonte/MG,0,33,Galo FA,Galo FA
2024-09-21 19:00:00,Galo FA,36 - 02,Tubarões do Cerrado,,BFA 2024,CTE/UFMG - Belo Horizonte/MG,36,2,Galo FA,Galo FA
2024-10-20 15:00:32,Galo FA,07 - 00,Vasco Almirantes,-,BFA 2024,,7,0,Galo FA,Galo FA
2024-11-09 14:00:30,Rondonópolis Hawks,03 - 16,Galo FA,,BFA 2024,,3,16,Galo FA,Galo FA
2024-12-01 15:00:49,Recife Mariners,22 - 06,Galo FA,,BFA 2024,,22,6,Recife Mariners,Galo FA
2025-04-27 15:00:00,Caruaru Wolves,15 - 06,Recife Mariners,,Campeonato Pernambucano 2025,Estádio da Vera Cruz - Caruaru/PE,15,6,Caruaru Wolves,Recife Mariners
2025-06-08 14:00:43,Recife Mariners,21 - 20,Caruaru Wolves,,Campeonato Pernambucano 2025,,21,20,Recife Mariners,Caruaru Wolves
2025-07-05 15:00:00,Recife Mariners,35 - 14,Caruaru Wolves,,Superliga 2025,,35,14,Recife Mariners,Recife Mariners
2025-08-03 14:00:00,Recife Mariners,14 - 00,Fortaleza Tritões,,Superliga 2025,,14,0,Recife Mariners,Recife Mariners
2025-08-24 10:00:00,Cavalaria 2 de Julho,26 - 27,Recife Mariners,,Superliga 2025,,26,27,Recife Mariners,Recife Mariners
2025-10-19 15:00:37,Recife Mariners,28 - 00,Caruaru Wolves,Semi NE,Superliga 2025,,28,0,Recife Mariners,Recife Mariners
2025-11-02 15:00:54,Recife Mariners,17 - 14,Fortaleza Tritões,Semi NE,Superliga 2025,,17,14,Recife Mariners,Recife Mariners
2025-11-16 10:00:45,Recife Mariners,35 - 33,Rondonópolis Hawks,Semi NE,Superliga 2025,,35,33,Recife Mariners,Recife Mariners
2025-12-06 17:00:25,Coritiba Crocodiles,28 - 22,Recife Mariners,Brasil Bowl,Superliga 2025,,28,22,Coritiba Crocodiles,Recife Mariners
2026-03-07 14:00:00,Coritiba Crocodiles,39 - 00,Calvary Cavaliers,,Campeonato Paranaense 2026,Croco Stadium - Curitiba/PR,39,0,Coritiba Crocodiles,Coritiba Crocodiles
2026-03-22 14:00:00,Coritiba Crocodiles,31 - 00,Ponta Grossa Phantoms,,Campeonato Paranaense 2026,,31,0,Coritiba Crocodiles,Coritiba Crocodiles
2026-04-11 14:00:00,Cascavel Olympians,00 - 44,Coritiba Crocodiles,,Campeonato Paranaense 2026,,0,44,Coritiba Crocodiles,Coritiba Crocodiles
2026-04-26 14:00:00,Calvary Cavaliers,00 - 44,Coritiba Crocodiles,,Campeonato Paranaense 2026,,0,44,Coritiba Crocodiles,Coritiba Crocodiles
2026-06-13 14:00:45,Coritiba Crocodiles,34 - 17,Londrina Bristlebacks,,Campeonato Paranaense 2026,,34,17,Coritiba Crocodiles,Coritiba Crocodiles
2026-06-28 14:30:06,Coritiba Crocodiles,19 - 16,Brown Spiders,,Campeonato Paranaense 2026,,19,16,Coritiba Crocodiles,Coritiba Crocodiles
2026-07-18 14:00:00,Coritiba Crocodiles,28 - 00,Istepôs FA,,Superliga 2026,,28,0,Coritiba Crocodiles,Coritiba Crocodiles
