Nome,URL da Imagem,Sede,Cor Primária,URL,Estado,Regiao
ABC Corsários,https://www.salaooval.com.br/wp-content/uploads/2018/01/sp_abc_corsarios_all_blacks.png,,#000000,https://www.salaooval.com.br/equipe/abc-corsarios/,,
Agudos Diamonds,https://www.salaooval.com.br/wp-content/uploads/2017/03/sp_agudos_diamonds.png,,#f9c622,https://www.salaooval.com.br/equipe/agudos-diamonds/,,
Air Force,https://www.salaooval.com.br/wp-content/uploads/2018/03/sp_air_force.png,,#1a191f,https://www.salaooval.com.br/equipe/air-force/,,
Ajuricaba Warriors,https://www.salaooval.com.br/wp-content/uploads/2016/07/am_ajuricaba_warriors.png,,#e7c03d,https://www.salaooval.com.br/equipe/ajuricaba-warriors/,,
Almirantes FA,https://www.salaooval.com.br/wp-content/uploads/2019/11/sc_almirantes_fa.png,,#00835f,https://www.salaooval.com.br/equipe/almirantes-fa/,,
Amazon Black Hawks,https://www.salaooval.com.br/wp-content/uploads/2016/07/am_amazon_black_hawks-1.png,,#010101,https://www.salaooval.com.br/equipe/amazon-black-hawks/,,
Americana Weavers,https://www.salaooval.com.br/wp-content/uploads/2016/07/sp_americana_weavers.png,,#232222,https://www.salaooval.com.br/equipe/americana-weavers/,,
América Big Riders,https://www.salaooval.com.br/wp-content/uploads/2017/07/rj_america_big_riders.png,,#d80137,https://www.salaooval.com.br/equipe/america-big-riders/,,
América Bulls,https://www.salaooval.com.br/wp-content/uploads/2016/05/rn_america_bulls-1.png,Natal/RN,#fe0f15,https://www.salaooval.com.br/times/bulls-potiguares/,RN,nordeste
Angra Destroyers,https://www.salaooval.com.br/wp-content/uploads/2016/10/rj_destroyers_fa.png,,#fd5d07,https://www.salaooval.com.br/equipe/destroyers-fa/,,
Aracaju Alfa,https://www.salaooval.com.br/wp-content/uploads/2016/05/se_aracaju_alfas.png,,#010204,https://www.salaooval.com.br/equipe/aracaju-alfa/,,
Aracaju Imortais,https://www.salaooval.com.br/wp-content/uploads/2016/08/se_aracaju_imortais.png,,#f17c21,https://www.salaooval.com.br/equipe/aracaju-imortais/,,
Arapongas Golden Phoenix,https://www.salaooval.com.br/wp-content/uploads/2024/08/pr_arapongas_golden_phoenix.png,,#f5c840,https://www.salaooval.com.br/equipe/arapongas-golden-phoenix/,,
Araras Steel Hawks,https://www.salaooval.com.br/wp-content/uploads/2016/07/sp_araras_steel_hawks.png,,#ce1d2b,https://www.salaooval.com.br/equipe/araras-steel-hawks/,,
Araxá Red Wolves,https://www.salaooval.com.br/wp-content/uploads/2017/03/mg_araxa_red_wolves.png,,#030301,https://www.salaooval.com.br/equipe/araxa-red-wolves/,,
Araçatuba Touros,https://www.salaooval.com.br/wp-content/uploads/2017/08/sp_aracatuba_touros.png,Araçatuba/SP,#030304,https://www.salaooval.com.br/times/aracatuba-touros/,SP,sudeste
Arcoverde Templários,https://www.salaooval.com.br/wp-content/uploads/2016/05/pe_arcoverde_templarios-1.png,Arcoverde/PE,#15382f,https://www.salaooval.com.br/times/arcoverde-templarios/,PE,nordeste
Argentina Halcones,https://www.salaooval.com.br/wp-content/uploads/2017/10/argentina_halcones.png,,#002968,https://www.salaooval.com.br/equipe/argentina-halcones/,,
Assis Captains,https://www.salaooval.com.br/wp-content/uploads/2020/03/sp_assis_captains.png,,#010102,https://www.salaooval.com.br/equipe/assis-captains/,,
Atenas FA,https://www.salaooval.com.br/wp-content/uploads/2016/05/es_atenas_fa.png,,#000000,https://www.salaooval.com.br/equipe/atenas-fa/,,
Atibaia Super Chargers,https://www.salaooval.com.br/wp-content/uploads/2016/07/sp_atibaia_super_chargers.png,,#022940,https://www.salaooval.com.br/equipe/atibaia-super-chargers/,,
Australia Outback,https://www.salaooval.com.br/wp-content/uploads/2017/10/australia_outback.png,,#032c21,https://www.salaooval.com.br/equipe/australia-outback/,,
Avaré Lions,https://www.salaooval.com.br/wp-content/uploads/2024/02/sp_avare_lions.png,,#100807,https://www.salaooval.com.br/equipe/avare-lions/,,
Avaré Mustangs,https://www.salaooval.com.br/wp-content/uploads/2017/03/sp_avare_mustangs.png,,#28116c,https://www.salaooval.com.br/equipe/avare-mustangs/,,
Avaré Scorpions,https://www.salaooval.com.br/wp-content/uploads/2016/07/sp_avare_scorpions.png,,#919197,https://www.salaooval.com.br/equipe/avare-scorpions/,,
B.P.S. Football,https://www.salaooval.com.br/wp-content/uploads/2017/09/sp_bps_football.png,,#bc1c2a,https://www.salaooval.com.br/equipe/bps-football/,,
BATS,https://www.salaooval.com.br/wp-content/uploads/2016/05/sp_bats_football.png,,#191919,https://www.salaooval.com.br/equipe/bats/,,
Bangu Castores,https://www.salaooval.com.br/wp-content/uploads/2019/06/rj_bangu_castores.png,,#712b15,https://www.salaooval.com.br/equipe/bangu-castores/,,
Barretos Bulls,https://www.salaooval.com.br/wp-content/uploads/2016/07/sp_barretos_bulls.png,,#d4a06a,https://www.salaooval.com.br/equipe/barretos-bulls/,,
Barretos Carcarás,https://www.salaooval.com.br/wp-content/uploads/2018/03/sp_barretos_carcaras.png,,#25201d,https://www.salaooval.com.br/equipe/barretos-carcaras/,,
Barrinha Black Eagles,https://www.salaooval.com.br/wp-content/uploads/2022/08/sp_barrinha_black_eagles.png,,#0c0b0b,https://www.salaooval.com.br/equipe/barrinha-black-eagles/,,
Barões de Ribeirão Preto,https://www.salaooval.com.br/wp-content/uploads/2016/10/sp_baroes_ribeirao_preto.png,,#030105,https://www.salaooval.com.br/equipe/baroes-de-ribeirao-preto/,,
Bauru Badgers,https://www.salaooval.com.br/wp-content/uploads/2017/03/sp_bauru_badgers.png,,#090f25,https://www.salaooval.com.br/equipe/bauru-badgers/,,
Bauru Gorillas,https://www.salaooval.com.br/wp-content/uploads/2017/03/sp_bauru_gorillas.png,,#01201e,https://www.salaooval.com.br/equipe/bauru-gorillas/,,
Bauru Warhawks,https://www.salaooval.com.br/wp-content/uploads/2018/03/sp_bauru_warhawks.png,,#07312d,https://www.salaooval.com.br/equipe/bauru-warhawks/,,
Bears FA,https://www.salaooval.com.br/wp-content/uploads/2024/02/rs_bears_fa.png,,#292929,https://www.salaooval.com.br/equipe/bears-fa/,,
Belém Titans,https://www.salaooval.com.br/wp-content/uploads/2016/08/pa_belem_titans.png,Belém/PA,#c80000,https://www.salaooval.com.br/times/belem-titans/,PA,norte
Bento Gonçalves Snakes,https://www.salaooval.com.br/wp-content/uploads/2016/05/rs_bento_goncalves_snakes.png,,#00b53b,https://www.salaooval.com.br/equipe/bento-goncalves-snakes/,,
Black Hawks,https://www.salaooval.com.br/wp-content/uploads/2018/12/sc_black_hawks_alt_2.png,Gaspar/SC,#040405,https://www.salaooval.com.br/times/black-hawks/,SC,sul
Black Panthers Football,https://www.salaooval.com.br/wp-content/uploads/2023/08/sp_black_panthers-1.png,,#010103,https://www.salaooval.com.br/equipe/black-panthers-football/,,
Blaze FA,https://www.salaooval.com.br/wp-content/uploads/2016/05/rj_blaze_fa.png,Rio de Janeiro/RJ,#fcde00,https://www.salaooval.com.br/times/blaze-fa/,RJ,sudeste
Blumenau Riesen,https://www.salaooval.com.br/wp-content/uploads/2022/09/sc_blumenau_riesen.png,,#1f1915,https://www.salaooval.com.br/equipe/blumenau-riesen/,,
Blumenau Vikings,https://www.salaooval.com.br/wp-content/uploads/2019/02/sc_blumenau_vikings-1.png,,#432827,https://www.salaooval.com.br/equipe/blumenau-vikings/,,
Boa Vista Nordics,https://www.salaooval.com.br/wp-content/uploads/2017/02/rr_boa_vista_nordics.png,,#1e1c1d,https://www.salaooval.com.br/equipe/boa-vista-nordics/,,
Bodes Pretos de Sobral,https://www.salaooval.com.br/wp-content/uploads/2018/05/ce_sobral_bodes_pretos.png,,#040302,https://www.salaooval.com.br/equipe/bodes-pretos-de-sobral/,,
Botafogo FA,https://www.salaooval.com.br/wp-content/uploads/2017/03/rj_botafogo_fa.png,,#000000,https://www.salaooval.com.br/equipe/botafogo-fa/,,
Braga Warriors,https://www.salaooval.com.br/wp-content/uploads/2023/03/pt_braga_warriors.png,,#000000,https://www.salaooval.com.br/equipe/braga-warriors/,,
Brasil Devilz,https://www.salaooval.com.br/wp-content/uploads/2016/05/sp_brasil_devilz.png,,#ed920f,https://www.salaooval.com.br/equipe/brasil-devilz/,,
Brasil Onças,https://www.salaooval.com.br/wp-content/uploads/2016/05/brasil_oncas.png,,#151617,https://www.salaooval.com.br/equipe/brasil-oncas/,,
Brasília Pilots,https://www.salaooval.com.br/wp-content/uploads/2016/07/df_brasilia_pilots-1.png,,#5e1d1f,https://www.salaooval.com.br/equipe/brasilia-pilots/,,
Brasília Templários,https://www.salaooval.com.br/wp-content/uploads/2016/07/df_brasilia_templarios_alt.png,Brasília/DF,#1f4996,https://www.salaooval.com.br/times/brasilia-templarios/,DF,centro-oeste
Brasília V8,https://www.salaooval.com.br/wp-content/uploads/2020/02/df_brasilia_v8.png,,#010000,https://www.salaooval.com.br/equipe/brasilia-v8/,DF,centro-oeste
Brasília Wizards,https://www.salaooval.com.br/wp-content/uploads/2019/06/df_brasilia_wizards-1.png,,#0f0022,https://www.salaooval.com.br/equipe/brasilia-wizards/,,
Bravos FA,https://www.salaooval.com.br/wp-content/uploads/2024/07/rs_bravos_fa.png,,#0a0a09,https://www.salaooval.com.br/equipe/bravos-fa/,,
Brokenstones Football,https://www.salaooval.com.br/wp-content/uploads/2017/04/sp_brokenstones_football.png,,#130a0a,https://www.salaooval.com.br/equipe/brokenstones-football/,,
Brown Spiders,https://www.salaooval.com.br/wp-content/uploads/2016/05/pr_brown_spiders-2.png,Curitiba/PR,#db5c1b,https://www.salaooval.com.br/times/brown-spiders/,PR,sul
Brown Spiders 2,https://www.salaooval.com.br/wp-content/uploads/2026/07/pr_brown_spiders_2.png,,#e94e13,https://www.salaooval.com.br/equipe/brown-spiders-2/,,
Brusque Admirals,https://www.salaooval.com.br/wp-content/uploads/2017/03/sc_brusque_admirals.png,,#ecc30f,https://www.salaooval.com.br/equipe/brusque-admirals/,,
Brusque Weavers,https://www.salaooval.com.br/wp-content/uploads/2019/02/sc_brusque_weavers-1.png,,#030304,https://www.salaooval.com.br/equipe/brusque-weavers/,,
Bugios Indaial,https://www.salaooval.com.br/wp-content/uploads/2019/08/sc_bugios_indaial.png,,#020101,https://www.salaooval.com.br/equipe/bugios-indaial/,,
Bulldogs FA,https://www.salaooval.com.br/wp-content/uploads/2016/05/rs_bulldogs.png,,#e31e25,https://www.salaooval.com.br/equipe/bulldogs-fa/,,
Bulls Potiguares 2,https://www.salaooval.com.br/wp-content/uploads/2017/03/rn_bulls_potiguares.png,,#401d51,https://www.salaooval.com.br/equipe/bulls-potiguares-2/,,
Buriers Football,https://www.salaooval.com.br/wp-content/uploads/2017/12/rs_buriers_football.png,,#000000,https://www.salaooval.com.br/equipe/buriers-football/,,
Buzzards Engenharia Santos,https://www.salaooval.com.br/wp-content/uploads/2018/03/sp_buzzards_eng_santos.png,,#030303,https://www.salaooval.com.br/equipe/buzzards-engenharia-santos/,,
Bárbaros FA,https://www.salaooval.com.br/wp-content/uploads/2020/02/pr_barbaros_fa.png,,#1c1c1c,https://www.salaooval.com.br/equipe/barbaros-fa/,,
Bárbaros do Vale,https://www.salaooval.com.br/wp-content/uploads/2017/03/sc_barbaros_do_vale.png,,#010503,https://www.salaooval.com.br/equipe/barbaros-do-vale/,,
CG Predadores,https://www.salaooval.com.br/wp-content/uploads/2016/05/ms_campo_grande_predadores.png,Campo Grande/MS,#283127,https://www.salaooval.com.br/times/campo-grande-predadores/,MS,centro-oeste
CSA Guerreiros,https://www.salaooval.com.br/wp-content/uploads/2017/08/al_csa_guerreiros.png,,#220784,https://www.salaooval.com.br/equipe/csa-guerreiros/,,
Cabo Frio Rocks,https://www.salaooval.com.br/wp-content/uploads/2017/04/rj_cabo_frio_rocks.png,,#050404,https://www.salaooval.com.br/equipe/cabo-frio-rocks/,,
Cabritos FA,https://www.salaooval.com.br/wp-content/uploads/2016/05/es_rio_branco_cabritos.png,,#030303,https://www.salaooval.com.br/equipe/cabritos-fa/,,
Cabugi Goats,https://www.salaooval.com.br/wp-content/uploads/2016/07/rn_cabugi_goats.png,,#151b37,https://www.salaooval.com.br/equipe/cabugi-goats/,,
Caipiras Owls,https://www.salaooval.com.br/wp-content/uploads/2016/07/sp_caipiras_owls.png,,#a16c03,https://www.salaooval.com.br/equipe/caipiras-owls/,,
Cajamar Hunters,https://www.salaooval.com.br/wp-content/uploads/2018/06/sp_cajamar_hunters-2.png,,#121212,https://www.salaooval.com.br/equipe/cajamar-hunters/,,
Calvary Cavaliers,https://www.salaooval.com.br/wp-content/uploads/2025/03/pr_calvary_cavaliers.png,,#4c2581,https://www.salaooval.com.br/equipe/calvary-cavaliers/,,
Camboriú Broqueiros,https://www.salaooval.com.br/wp-content/uploads/2016/05/sc_camboriu_broqueiros-1.png,,#1f4537,https://www.salaooval.com.br/equipe/camboriu-broqueiros/,,
Campo Grande Cobras,https://www.salaooval.com.br/wp-content/uploads/2016/05/mt_campo_grande_cobras.png,,#080102,https://www.salaooval.com.br/equipe/campo-grande-cobras/,,
Campo Grande Cowboys,https://www.salaooval.com.br/wp-content/uploads/2022/04/ms_campo_grande_cowboys.png,,#000000,https://www.salaooval.com.br/equipe/campo-grande-cowboys/,,
Campo Mourão Black Rams,https://www.salaooval.com.br/wp-content/uploads/2019/08/pr_campo_mourao_black_rams.png,,#020101,https://www.salaooval.com.br/equipe/campo-mourao-black-rams/,,
Caniballs Football,https://www.salaooval.com.br/wp-content/uploads/2017/03/sp_caniballs_football.png,,#f97c16,https://www.salaooval.com.br/equipe/caniballs-football/,,
Canoas Bulls,https://www.salaooval.com.br/wp-content/uploads/2018/12/rs_bulls_fa_alt.png,Canoas/RS,#070606,https://www.salaooval.com.br/times/bulls-fa/,RS,sul
Canoas Jaguars,https://www.salaooval.com.br/wp-content/uploads/2017/12/rs_canoas_jaguars.png,,#020101,https://www.salaooval.com.br/equipe/canoas-jaguars/,,
Caraguá Ghostship,https://www.salaooval.com.br/wp-content/uploads/2016/09/sp_caragua_ghostship-1.png,,#060404,https://www.salaooval.com.br/equipe/caragua-ghostship/,,
Cariocas FA,https://www.salaooval.com.br/wp-content/uploads/2016/07/rj_cariocas_fa.png,,#0a0c0d,https://www.salaooval.com.br/equipe/cariocas-fa/,,
Carlos Barbosa Ximangos,https://www.salaooval.com.br/wp-content/uploads/2016/12/rs_carlos_barbosa_ximangos.png,,#943500,https://www.salaooval.com.br/equipe/carlos-barbosa-ximangos/,,
Carrancas FA,https://www.salaooval.com.br/wp-content/uploads/2017/02/pe_carrancas_fa.png,,#020303,https://www.salaooval.com.br/equipe/carrancas-fa/,,
Caruaru Wolves,https://www.salaooval.com.br/wp-content/uploads/2016/05/pe_caruaru_wolves.png,Caruaru/PE,#040303,https://www.salaooval.com.br/times/caruaru-wolves/,PE,nordeste
Cascais Crusaders,https://www.salaooval.com.br/wp-content/uploads/2023/03/pt_cascais_crusaders.png,,#0e0c45,https://www.salaooval.com.br/equipe/cascais-crusaders/,,
Cascavel Olympians,https://www.salaooval.com.br/wp-content/uploads/2016/05/pr_cascavel_olympians-1.png,,#fdd000,https://www.salaooval.com.br/equipe/cascavel-olympians/,,
Castanhal Yellow Blacks,https://www.salaooval.com.br/wp-content/uploads/2017/03/pa_castanhal_yellow_black.png,,#22201a,https://www.salaooval.com.br/equipe/castanhal-yellow-blacks/,,
Caucaia Sabres,https://www.salaooval.com.br/wp-content/uploads/2022/02/ce_ceara_sabres.png,,#5f1a52,https://www.salaooval.com.br/equipe/caucaia-sabres/,,
Cavalaria 2 de Julho,https://www.salaooval.com.br/wp-content/uploads/2016/05/ba_cavalaria_2_de_julho.png,Salvador/BA,#303057,https://www.salaooval.com.br/times/cavalaria-2-de-julho/,BA,nordeste
Ceará Bulldogs,https://www.salaooval.com.br/wp-content/uploads/2022/04/ce_bulldogs_football.png,,#262726,https://www.salaooval.com.br/equipe/ceara-bulldogs/,,
Ceará Caçadores,https://www.salaooval.com.br/wp-content/uploads/2020/03/ce_ceara_cacadores_alt.png,Fortaleza/CE,#000000,https://www.salaooval.com.br/times/ceara-cacadores/,CE,nordeste
Ceará Fênix,https://www.salaooval.com.br/wp-content/uploads/2017/03/ce_ceara_f%C3%AAnix.png,,#0c1f46,https://www.salaooval.com.br/equipe/ceara-fenix/,,
Cerrado,https://www.salaooval.com.br/wp-content/uploads/2016/05/federacao_cerrado.png,,#237f33,https://www.salaooval.com.br/equipe/cerrado/,,
Chape FA,https://www.salaooval.com.br/wp-content/uploads/2019/10/sc_chape_fa-1.png,,#068b31,https://www.salaooval.com.br/equipe/chape-fa/,,
Chile Roja Furiosa,https://www.salaooval.com.br/wp-content/uploads/2017/10/chile_furia_roja.png,,#08476b,https://www.salaooval.com.br/equipe/chile-roja-furiosa/,,
Codó Snakes,https://www.salaooval.com.br/wp-content/uploads/2016/07/ma_codo_snakes.png,,#040202,https://www.salaooval.com.br/equipe/codo-snakes/,,
Cold Killers,https://www.salaooval.com.br/wp-content/uploads/2019/04/pr_cold_killers.png,,#841e2d,https://www.salaooval.com.br/equipe/cold-killers/,,
Colombia,https://www.salaooval.com.br/wp-content/uploads/2024/07/colombia.png,,#253e8e,https://www.salaooval.com.br/equipe/colombia/,,
Contagem Inconfidentes,https://www.salaooval.com.br/wp-content/uploads/2019/08/mg_contagem_inconfidentes_alt.png,s,#dc212a,https://www.salaooval.com.br/times/contagem-inconfidentes/,,
Corinthians Steamrollers,https://www.salaooval.com.br/wp-content/uploads/2016/05/sp_corinthians_steamrollers-1.png,São Paulo/SP,#1b1513,https://www.salaooval.com.br/times/corinthians-steamrollers/,SP,sudeste
Corinthians Steamrollers 2,https://www.salaooval.com.br/wp-content/uploads/2016/05/sp_corinthians_steamrollers-1.png,,#1b1513,https://www.salaooval.com.br/equipe/corinthians-steamrollers-2/,,
Coritiba Crocodiles,https://www.salaooval.com.br/wp-content/uploads/2022/02/pr_coritiba_crocodiles_alt.png,Curitiba/PR,#010304,https://www.salaooval.com.br/times/coritiba-crocodiles/,PR,sul
Coritiba Crocodiles B,https://www.salaooval.com.br/wp-content/uploads/2016/05/pr_coritiba_crocodiles-1.png,,#010203,https://www.salaooval.com.br/equipe/coritiba-crocodiles-b/,,
Corupá Buffalos,https://www.salaooval.com.br/wp-content/uploads/2016/05/sc_corupa_buffalos.png,Corupá/SC,#dc021e,https://www.salaooval.com.br/times/corupa-buffalos/,SC,sul
Coréia do Sul,https://www.salaooval.com.br/wp-content/uploads/2017/10/korea.png,,#08528d,https://www.salaooval.com.br/equipe/coreia-do-sul/,,
Cougars Football,https://www.salaooval.com.br/wp-content/uploads/2017/03/sp_cougars_football.png,,#0100d8,https://www.salaooval.com.br/equipe/cougars-football/,,
Criciúma Iron Tigers,https://www.salaooval.com.br/wp-content/uploads/2022/04/sc_criciuma_iron_tigers.png,,#000000,https://www.salaooval.com.br/equipe/criciuma-iron-tigers/,,
Crimson Fox,https://www.salaooval.com.br/wp-content/uploads/2018/04/sp_crimson_fox.png,,#950303,https://www.salaooval.com.br/equipe/crimson-fox/,,
Cronos Football,https://www.salaooval.com.br/wp-content/uploads/2016/05/sp_cronos_football.png,,#d0c3b6,https://www.salaooval.com.br/equipe/cronos-football/,,
Cruzeiro FA,https://www.salaooval.com.br/wp-content/uploads/2021/10/mg_cruzeiro.png,Betim/MG,#003b92,https://www.salaooval.com.br/times/cruzeiro_fa/,MG,sudeste
Cruzeiro Guardians,https://www.salaooval.com.br/wp-content/uploads/2018/06/sp_cruzeiro_guardians.png,,#0e4e63,https://www.salaooval.com.br/equipe/cruzeiro-guardians/,,
Cuiabá Angels,https://www.salaooval.com.br/wp-content/uploads/2017/11/mt_cuiaba_angels.png,,#c32866,https://www.salaooval.com.br/equipe/cuiaba-angels/,,
Cuiabá Arsenal,https://www.salaooval.com.br/wp-content/uploads/2018/12/mt_cuiaba_arsenal_alt.png,Cuiabá/MT,#123528,https://www.salaooval.com.br/times/cuiaba-arsenal/,MT,centro-oeste
Curitiba Hurricanes,https://www.salaooval.com.br/wp-content/uploads/2017/03/pr_curitiba_hurricanes.png,,#191311,https://www.salaooval.com.br/equipe/curitiba-hurricanes/,,
Curitiba Lions,https://www.salaooval.com.br/wp-content/uploads/2016/07/pr_curitiba_lions.png,,#01021e,https://www.salaooval.com.br/equipe/curitiba-lions/,,
Curitiba Phoenix,https://www.salaooval.com.br/wp-content/uploads/2025/07/pr_curitiba_phoenix.png,,#080100,https://www.salaooval.com.br/equipe/curitiba-phoenix/,,
Curitiba Silverhawks,https://www.salaooval.com.br/wp-content/uploads/2017/06/pr_curitiba_silverhawks.png,,#a5a5a5,https://www.salaooval.com.br/equipe/curitiba-silverhawks/,,
Dark Owls FA,https://www.salaooval.com.br/wp-content/uploads/2018/04/rj_dark_owls_fa.png,,#090903,https://www.salaooval.com.br/equipe/dark-owls/,,
Delta Football,https://www.salaooval.com.br/wp-content/uploads/2018/10/rj_delta_football.png,Volta Redonda/RJ,#252525,https://www.salaooval.com.br/times/delta-football/,RJ,sudeste
Desportiva Piratas,https://www.salaooval.com.br/wp-content/uploads/2017/04/es_desportiva_piratas.png,,#6f0518,https://www.salaooval.com.br/equipe/desportiva-piratas/,,
Desterro Atlantis,https://www.salaooval.com.br/wp-content/uploads/2018/07/sc_desterro_atlantis.png,,#1a7e8a,https://www.salaooval.com.br/equipe/desterro-atlantis/,,
Diadema Diamond,https://www.salaooval.com.br/wp-content/uploads/2016/05/sp_diadema_diamonds.png,,#00aad7,https://www.salaooval.com.br/equipe/diadema-diamond/,,
Diadema Storm,https://www.salaooval.com.br/wp-content/uploads/2016/05/sp_sao_paulo_storm-1.png,,#144576,https://www.salaooval.com.br/equipe/diadema-storm/,,
Diadema UD,https://www.salaooval.com.br/wp-content/uploads/2017/03/sp_diadema_ud.png,,#2c2d2d,https://www.salaooval.com.br/equipe/diadema-ud/,,
Dourados Redlands,https://www.salaooval.com.br/wp-content/uploads/2018/06/ms_dourados_redlands.png,,#1a1a1a,https://www.salaooval.com.br/equipe/dourados-redlands/,,
Dourados Tenentes,https://www.salaooval.com.br/wp-content/uploads/2018/06/ms_dourados_tenentes.png,,#010100,https://www.salaooval.com.br/equipe/dourados-tenentes/,,
Dragões do Mar,https://www.salaooval.com.br/wp-content/uploads/2017/03/ce_dragoes_do_mar.png,,#03551c,https://www.salaooval.com.br/equipe/dragoes-do-mar/,,
Ducks Football,https://www.salaooval.com.br/wp-content/uploads/2016/07/sp_ducks_football.png,,#aa0227,https://www.salaooval.com.br/equipe/ducks-football/,,
Empyreo Leme Lizards,https://www.salaooval.com.br/wp-content/uploads/2016/05/sp_leme_lizards.png,s,#201916,https://www.salaooval.com.br/times/empyreo-leme-lizards/,,
Erechim Coroados,https://www.salaooval.com.br/wp-content/uploads/2018/08/rs_erechim_coroados.png,,#6a1110,https://www.salaooval.com.br/equipe/erechim-coroados/,,
Espírito Santo,https://www.salaooval.com.br/wp-content/uploads/2017/11/federacao_espiritossantense.png,,#437c9d,https://www.salaooval.com.br/equipe/espirito-santo/,,
Espírito Santo Black Knights,https://www.salaooval.com.br/wp-content/uploads/2018/05/es_espirito_santo_black_knights.png,,#000000,https://www.salaooval.com.br/equipe/espirito-santo-black-knights/,,
FEI Hawks,https://www.salaooval.com.br/wp-content/uploads/2016/05/sp_fei_hawks.png,,#746e65,https://www.salaooval.com.br/equipe/fei-hawks/,,
Falcões,https://www.salaooval.com.br/wp-content/uploads/2017/04/rj_falcoes.png,,#3e4196,https://www.salaooval.com.br/equipe/falcoes/,,
Flamengo Imperadores,https://www.salaooval.com.br/wp-content/uploads/2020/03/rj_flamengo_imperadores_alt.png,Rio de Janeiro/RJ,#000000,https://www.salaooval.com.br/times/flamengo-imperadores/,RJ,sudeste
Flamengo Imperatrizes,https://www.salaooval.com.br/wp-content/uploads/2020/03/rj_flamengo_imperadores.png,,#000000,https://www.salaooval.com.br/equipe/flamengo-imperatrizes/,,
Fluminense FA,https://www.salaooval.com.br/wp-content/uploads/2017/05/rj_fluminense_guerreiros.png,Rio de Janeiro/RJ,#860926,https://www.salaooval.com.br/times/fluminense-fa/,RJ,sudeste
Forgeds Tigres,https://www.salaooval.com.br/wp-content/uploads/2025/03/mg_tigres_forged.png,,#050a09,https://www.salaooval.com.br/equipe/forgeds-tigres/,,
Fortaleza Tritões,https://www.salaooval.com.br/wp-content/uploads/2018/02/ce_fortaleza_tritoes.png,,#044381,https://www.salaooval.com.br/equipe/fortaleza-tritoes/,,
Foz do Iguaçu Black Sharks,https://www.salaooval.com.br/wp-content/uploads/2016/05/pr_foz_do_iguacu_black_sharks.png,Foz do Iguaçu/PR,#010101,https://www.salaooval.com.br/times/foz-do-iguacu-black-sharks/,PR,sul
Franca Carrascos,https://www.salaooval.com.br/wp-content/uploads/2017/08/sp_franca_carrascos.png,,#210941,https://www.salaooval.com.br/equipe/franca-carrascos/,,
Francisco Beltrão Red Feet,https://www.salaooval.com.br/wp-content/uploads/2016/06/pr_fco_beltrao_red_feet.png,Francisco Beltrão/PR,#030303,https://www.salaooval.com.br/times/francisco-beltrao-red-feet/,PR,sul
França,https://www.salaooval.com.br/wp-content/uploads/2017/10/france_fighting_frogs.png,,#02316c,https://www.salaooval.com.br/equipe/franca/,,
Galaxy Football,https://www.salaooval.com.br/wp-content/uploads/2018/03/mt_galaxy_football.png,,#080834,https://www.salaooval.com.br/equipe/galaxy-football/,,
Galo FA,https://www.salaooval.com.br/wp-content/uploads/2018/12/mg_galo_fa_alt.png,Belo Horizonte/MG,#010101,https://www.salaooval.com.br/times/galo-fa/,MG,sudeste
Gama Leões de Judá,https://www.salaooval.com.br/wp-content/uploads/2022/02/df_gama_leoes_de_juda.png,Taguatinga/DF,#036f51,https://www.salaooval.com.br/times/leoes-de-juda/,DF,centro-oeste
Goianos FA,https://www.salaooval.com.br/wp-content/uploads/2024/07/go_goianos_fa-1.png,,#fddc00,https://www.salaooval.com.br/equipe/goianos-fa/,,
Goiás FA,https://www.salaooval.com.br/wp-content/uploads/2026/07/go_goias_fa.png,,#0e4b24,https://www.salaooval.com.br/equipe/goias-fa/,,
Goiânia Guarás,https://www.salaooval.com.br/wp-content/uploads/2017/05/go_goiania_guaras.png,,#b66534,https://www.salaooval.com.br/equipe/goiania-guaras/,,
Goiânia Rednecks,https://www.salaooval.com.br/wp-content/uploads/2019/02/go_goiania_rednecks_alt.png,Goiânia/GO,#121f54,https://www.salaooval.com.br/times/goiania-rednecks/,GO,centro-oeste
Goiânia Saints,https://www.salaooval.com.br/wp-content/uploads/2018/05/go_goiania_saints-1.png,,#f0c317,https://www.salaooval.com.br/equipe/goiania-saints/,,
Golden Lions,https://www.salaooval.com.br/wp-content/uploads/2019/09/mg_golden_lions_esportes.png,,#020201,https://www.salaooval.com.br/equipe/golden-lions/,,
Gravataí Spartans,https://www.salaooval.com.br/wp-content/uploads/2017/12/rs_gravatai_spartans.png,,#26040b,https://www.salaooval.com.br/equipe/gravatai-spartans/,,
Guarani Indians,https://www.salaooval.com.br/wp-content/uploads/2021/12/sp_guarani_indians_alt.png,Paulínia/SP,#033b2b,https://www.salaooval.com.br/times/guarani-indians/,SP,sudeste
Guarapuava DarkWolves,https://www.salaooval.com.br/wp-content/uploads/2017/09/pr_guarapuava_darkwolves.png,,#0d0d0e,https://www.salaooval.com.br/equipe/guarapuava-darkwolves/,,
Guaratinguetá White Cranes,https://www.salaooval.com.br/wp-content/uploads/2016/07/sp_guaratingueta_white_cranes.png,,#074467,https://www.salaooval.com.br/equipe/guaratingueta-white-cranes/,,
Guarulhos Red Warriors,https://www.salaooval.com.br/wp-content/uploads/2018/03/sp_guarulhos_red_warriors.png,,#1b130f,https://www.salaooval.com.br/equipe/guarulhos-red-warriors/,,
Guarulhos Rhynos,https://www.salaooval.com.br/wp-content/uploads/2022/02/sp_guarulhos_rhynos_alt.png,São Paulo/SP,#c5c5c4,https://www.salaooval.com.br/times/Guarulhos-Rhynos/,,
Guarulhos Rhynos 2,https://www.salaooval.com.br/wp-content/uploads/2026/03/sp_guarulhos_rhynos_2.png,,#c6c6c5,https://www.salaooval.com.br/equipe/guarulhos-rhynos-2/,,
Guarás FA,https://www.salaooval.com.br/wp-content/uploads/2022/02/sp_guaras_fa.png,,#020402,https://www.salaooval.com.br/equipe/guaras-fa/,,
Guaçu Snake’s River,https://www.salaooval.com.br/wp-content/uploads/2016/07/sp_guacu_snakesrivers.png,,#0e2147,https://www.salaooval.com.br/equipe/guacu-snakes-river/,,
Hammerheads,https://www.salaooval.com.br/wp-content/uploads/2023/02/rj_hammerheads.png,,#18110d,https://www.salaooval.com.br/equipe/hammerheads/,,
Igrejinha Bears,https://www.salaooval.com.br/wp-content/uploads/2022/06/rs_igrejinha_bears.png,,#1c0901,https://www.salaooval.com.br/equipe/igrejinha-bears/,,
Ijuí Drones,https://www.salaooval.com.br/wp-content/uploads/2016/05/rs_ijui_drones.png,Ijuí/RS,#1f1a1a,https://www.salaooval.com.br/times/ijui-drones/,RS,sul
Indaiatuba Alpacas,https://www.salaooval.com.br/wp-content/uploads/2018/03/sp_indaiatuba_alpacas_alt.png,,#0c0c0c,https://www.salaooval.com.br/equipe/indaiatuba-alpacas/,,
Interlagos Sharks,https://www.salaooval.com.br/wp-content/uploads/2018/04/sp_interlagos_sharks.png,,#114b7c,https://www.salaooval.com.br/equipe/interlagos-sharks/,,
Ipanema Tatuís,https://www.salaooval.com.br/wp-content/uploads/2017/04/rj_ipanema_tatuis.png,,#00652e,https://www.salaooval.com.br/equipe/ipanema-tatuis/,,
Istepôs FA,https://www.salaooval.com.br/wp-content/uploads/2018/01/sc_sao_jose_istepos_alt.png,São José/SC,#222021,https://www.salaooval.com.br/times/istepos-fa/,SC,sul
Itaiópolis Xoklengs,https://www.salaooval.com.br/wp-content/uploads/2016/07/sc_itaiopolis_xocklangs.png,,#fab513,https://www.salaooval.com.br/equipe/itaiopolis-xoklengs/,,
Itajaí Dockers,https://www.salaooval.com.br/wp-content/uploads/2016/07/sc_itajai_dockers-1.png,,#484847,https://www.salaooval.com.br/equipe/itajai-dockers/,,
Itapecerica Greens,https://www.salaooval.com.br/wp-content/uploads/2016/07/sp_itapecerica_greens-1.png,,#041c01,https://www.salaooval.com.br/equipe/itapecerica-greens/,,
Itaquera Phantoms,https://www.salaooval.com.br/wp-content/uploads/2018/04/sp_itaquera_phamtons.png,,#060603,https://www.salaooval.com.br/equipe/itaquera-phantoms/,,
Itatiba Priests,https://www.salaooval.com.br/wp-content/uploads/2017/03/sp_itatiba_priests.png,,#070403,https://www.salaooval.com.br/equipe/itatiba-priests/,,
JEC Gladiators,https://www.salaooval.com.br/wp-content/uploads/2016/05/sc_joinville_gladiators.png,Joinville/SC,#121010,https://www.salaooval.com.br/times/joinville-gladiators/,SC,sul
Jacareí Gators,https://www.salaooval.com.br/wp-content/uploads/2018/06/sp_jacarei_gators-1.png,,#027184,https://www.salaooval.com.br/equipe/jacarei-gators/,,
Jacareí Red Wolves,https://www.salaooval.com.br/wp-content/uploads/2026/03/sp_jacarei_red_wolves.png,,#0c0101,https://www.salaooval.com.br/equipe/jacarei-red-wolves/,,
Jacarés do Pantanal,https://www.salaooval.com.br/wp-content/uploads/2016/07/ms_jacares_do_pantanal.png,,#0b0d06,https://www.salaooval.com.br/equipe/jacares-do-pantanal/,,
Jahu Galo Strong,https://www.salaooval.com.br/wp-content/uploads/2018/03/sp_jau_galo_strong.png,,#0a331c,https://www.salaooval.com.br/equipe/jahu-galo-strong/,,
Jangadeiros FA,https://www.salaooval.com.br/wp-content/uploads/2022/02/al_jangadeiros_fa.png,,#0e0d06,https://www.salaooval.com.br/equipe/jangadeiros-fa/,,
Jaraguá Breakers,https://www.salaooval.com.br/wp-content/uploads/2018/12/sc_jaragua_breakers_alt.png,Jaraguá/SC,#041935,https://www.salaooval.com.br/times/jaragua-breakers/,SC,sul
João Pessoa Espectros,https://www.salaooval.com.br/wp-content/uploads/2019/02/pb_joao_pessoa_espectros_Alt.png,João Pessoa/PB,#c61e24,https://www.salaooval.com.br/times/joao-pessoa-espectros/,PB,nordeste
Juiz de Fora Imperadores,https://www.salaooval.com.br/wp-content/uploads/2020/03/mg_juiz_de_fora_imperadores_alt.png,Juiz de Fora/MG,#030100,https://www.salaooval.com.br/times/juiz-de-fora-imperadores/,MG,sudeste
Jundiaí Cerberus,https://www.salaooval.com.br/wp-content/uploads/2016/07/sp_jundiai_flag_football.png,,#073418,https://www.salaooval.com.br/equipe/jundiai-cerberus/,,
Karakas Strong Bears,https://www.salaooval.com.br/wp-content/uploads/2016/05/sp_karakas_strong_bears.png,,#aa5d3c,https://www.salaooval.com.br/equipe/karakas-strong-bears/,,
Krakens Football,https://www.salaooval.com.br/wp-content/uploads/2025/03/sp_krakens_football.png,,#040404,https://www.salaooval.com.br/equipe/krakens-football/,,
Legião Futebol Americano,https://www.salaooval.com.br/wp-content/uploads/2016/08/pa_legiao_fa.png,Belém/PA,#000001,https://www.salaooval.com.br/times/legiao-fa/,PA,norte
Lençóis Paulista Readers,https://www.salaooval.com.br/wp-content/uploads/2016/07/sp_lencois_paulista_readers.png,,#060504,https://www.salaooval.com.br/equipe/lencois-paulista-readers/,,
Leões De Judá B,https://www.salaooval.com.br/wp-content/uploads/2018/01/df_leoes_de_juda_2.png,,#030302,https://www.salaooval.com.br/equipe/leoes-de-juda-b/,,
Linhares Panthers,https://www.salaooval.com.br/wp-content/uploads/2018/03/es_linhares_panthers.png,,#050203,https://www.salaooval.com.br/equipe/linhares-panthers/,,
Lisboa Devils,https://www.salaooval.com.br/wp-content/uploads/2023/03/pt_lisboa_devils.png,,#87151a,https://www.salaooval.com.br/equipe/lisboa-devils/,,
Lisboa Lions,https://www.salaooval.com.br/wp-content/uploads/2023/03/pt_lisboa_lions.png,,#460707,https://www.salaooval.com.br/equipe/lisboa-lions/,,
Lisboa Navigators,https://www.salaooval.com.br/wp-content/uploads/2023/03/pt_lisboa_navigators.png,,#1a1818,https://www.salaooval.com.br/equipe/lisboa-navigators/,,
Lobos FA,https://www.salaooval.com.br/wp-content/uploads/2019/03/am_lobos_fa.png,,#2f3d56,https://www.salaooval.com.br/equipe/lobos-fa/,,
Lobos Guerreiros,https://www.salaooval.com.br/wp-content/uploads/2018/03/am_lobos_guerreiros.png,,#0a0d16,https://www.salaooval.com.br/equipe/lobos-guerreiros/,,
Locomotiva FA,https://www.salaooval.com.br/wp-content/uploads/2017/12/mg_america_locomotiva.png,Belo Horizonte/MG,#066b3b,https://www.salaooval.com.br/times/america-locomotiva/,MG,sudeste
Londrina Barons,https://www.salaooval.com.br/wp-content/uploads/2017/08/pr_londrina_barons.png,,#6ba3ce,https://www.salaooval.com.br/equipe/londrina-barons/,,
Londrina Bristlebacks,https://www.salaooval.com.br/wp-content/uploads/2016/05/pr_londrina_bristlebacks.png,Londrina/PR,#1e1819,https://www.salaooval.com.br/times/londrina-bristlebacks/,PR,sul
Londrina Titans,https://www.salaooval.com.br/wp-content/uploads/2022/09/pr_londrina_titans.png,,#08070b,https://www.salaooval.com.br/equipe/londrina-titans/,,
Lucas do Rio Verde Jaguars,https://www.salaooval.com.br/wp-content/uploads/2018/03/mt_lucas_rio_verde_jaguars.png,,#110a08,https://www.salaooval.com.br/equipe/lucas-do-rio-verde-jaguars/,,
Lusa Academy,https://www.salaooval.com.br/wp-content/uploads/2019/04/sp_portuguesa_fa_academy.png,,#900202,https://www.salaooval.com.br/equipe/lusa-academy/,,
Lusa Jaguars,https://www.salaooval.com.br/wp-content/uploads/2023/08/sp_lusa_jaguars.png,,#120202,https://www.salaooval.com.br/equipe/lusa-jaguars/,,
Luverdense Overwhelming,https://www.salaooval.com.br/wp-content/uploads/2017/03/mt_luverdense_overwhelming.png,,#000000,https://www.salaooval.com.br/equipe/luverdense-overwhelming/,,
Macaé Oilers,https://www.salaooval.com.br/wp-content/uploads/2016/06/rj_macae_oilers.png,Macaé/RJ,#08171f,https://www.salaooval.com.br/times/macae-oilers/,RJ,sudeste
Maceió Marechais,https://www.salaooval.com.br/wp-content/uploads/2016/05/al_maceio_marechais.png,Maceió/AL,#021a30,https://www.salaooval.com.br/times/maceio-marechais/,AL,nordeste
Mackenzie Mohawks,https://www.salaooval.com.br/wp-content/uploads/2016/05/sp_mackenzie_mohawks.png,,#fd0d0c,https://www.salaooval.com.br/equipe/mackenzie-mohawks/,,
Madkings FA,https://www.salaooval.com.br/wp-content/uploads/2017/09/go_goiania_madkings.png,,#070708,https://www.salaooval.com.br/equipe/madkings-fa/,,
Magé Barões,https://www.salaooval.com.br/wp-content/uploads/2016/06/rj_mage_baroes.png,,#030706,https://www.salaooval.com.br/equipe/mage-baroes/,,
Mamutes FA,https://www.salaooval.com.br/wp-content/uploads/2016/10/rj_mamutes_fa.png,,#0e0706,https://www.salaooval.com.br/equipe/mamutes-fa/,,
Manaus FA,https://www.salaooval.com.br/wp-content/uploads/2022/02/am_manaus_fa.png,Manaus/AM,#00963a,https://www.salaooval.com.br/times/manaus-fa/,AM,norte
Manaus Raptors,https://www.salaooval.com.br/wp-content/uploads/2017/03/am_manaus_raptors_alt.png,,#000000,https://www.salaooval.com.br/equipe/manaus-raptors/,,
Marginals Football,https://www.salaooval.com.br/wp-content/uploads/2016/06/sp_marginals_football.png,,#1d0f09,https://www.salaooval.com.br/equipe/marginals-football/,,
Mariners Development,https://www.salaooval.com.br/wp-content/uploads/2019/06/pe_recife_mariners_dev.png,,#005da9,https://www.salaooval.com.br/equipe/mariners-development/,,
Maringá Pyros,https://www.salaooval.com.br/wp-content/uploads/2018/02/pr_maringa_pyros.png,Maringá/PR,#1e130e,https://www.salaooval.com.br/times/maringa-pyros/,PR,sul
Matias Barbosa Primatas,https://www.salaooval.com.br/wp-content/uploads/2018/09/mg_matias_barbosa_primatas.png,,#010101,https://www.salaooval.com.br/equipe/matias-barbosa-primatas/,,
Matilha dos Vales,https://www.salaooval.com.br/wp-content/uploads/2024/02/rs_matilha_do_vale.png,,#000000,https://www.salaooval.com.br/equipe/matilha-dos-vales/,,
Mesquita Titans,https://www.salaooval.com.br/wp-content/uploads/2022/04/rj_mesquita_titans.png,,#020201,https://www.salaooval.com.br/equipe/mesquita-titans/,,
Metodista Skulls,https://www.salaooval.com.br/wp-content/uploads/2016/06/sp_metodista_skulls.png,,#020202,https://www.salaooval.com.br/equipe/metodista-skulls/,,
Minas Gerais,https://www.salaooval.com.br/wp-content/uploads/2017/02/campeoanto_mineiro.png,,#b4051b,https://www.salaooval.com.br/equipe/minas-gerais/,,
Miners FA,https://www.salaooval.com.br/wp-content/uploads/2016/05/sc_miners_fa.png,Criciúma/SC,#3c3233,https://www.salaooval.com.br/times/miners-fa/,SC,sul
Mogi Desbravadores,https://www.salaooval.com.br/wp-content/uploads/2016/07/sp_mogi_desbravadores.png,,#f50707,https://www.salaooval.com.br/equipe/mogi-desbravadores/,,
Monte Alto Dinos,https://www.salaooval.com.br/wp-content/uploads/2017/03/sp_monte_alto_dinos.png,,#000201,https://www.salaooval.com.br/equipe/monte-alto-dinos/,,
Monte Alto Rippers,https://www.salaooval.com.br/wp-content/uploads/2017/08/sp_monte_alto_rippers.png,,#222223,https://www.salaooval.com.br/equipe/monte-alto-rippers/,,
Monte Mor Calangos,https://www.salaooval.com.br/wp-content/uploads/2016/07/sp_monte_mor_calangos.png,,#015226,https://www.salaooval.com.br/equipe/monte-mor-calangos/,,
Mooca Destroyers,https://www.salaooval.com.br/wp-content/uploads/2016/07/sp_mooca_destroyers.png,São Paulo/SP,#6b0531,https://www.salaooval.com.br/times/mooca-destroyers/,SP,sudeste
Moon Howlers FA,https://www.salaooval.com.br/wp-content/uploads/2017/02/pr_moon_howlers.png,,#010100,https://www.salaooval.com.br/equipe/moon-howlers-fa/,,
Mutts CFA,https://www.salaooval.com.br/wp-content/uploads/2023/03/pt_mutts_cfa.png,,#02360d,https://www.salaooval.com.br/equipe/mutts-cfa/,,
Nemesis Football,https://www.salaooval.com.br/wp-content/uploads/2016/06/sp_nemesis_football-1.png,,#de0614,https://www.salaooval.com.br/equipe/nemesis-football/,,
New Tigers,https://www.salaooval.com.br/wp-content/uploads/2019/05/pa_new_tigers.png,,#070304,https://www.salaooval.com.br/equipe/new-tigers/,,
Niterói Federals,https://www.salaooval.com.br/wp-content/uploads/2016/10/rj_niteroi_federals.png,,#0c0633,https://www.salaooval.com.br/equipe/niteroi-federals/,,
Norte Paraná,https://www.salaooval.com.br/wp-content/uploads/2016/05/pr_norte_parana.png,,#534940,https://www.salaooval.com.br/equipe/norte-parana/,,
North Lions,https://www.salaooval.com.br/wp-content/uploads/2016/07/am_north_lions.png,,#010100,https://www.salaooval.com.br/equipe/north-lions/,,
Nova Friburgo Yetis,https://www.salaooval.com.br/wp-content/uploads/2016/06/rj_nova_friburgo_yetis.png,,#171516,https://www.salaooval.com.br/equipe/nova-friburgo-yetis/,,
Nova Iguaçu FA,https://www.salaooval.com.br/wp-content/uploads/2018/10/rj_nova_iguacu_fa.png,,#010000,https://www.salaooval.com.br/equipe/nova-iguacu-fa/,,
Nova Serrana Forgeds,https://www.salaooval.com.br/wp-content/uploads/2017/09/mg_nova_serrana_forgeds_alt.png,s,#00b006,https://www.salaooval.com.br/times/nova-serrana-forgeds/,,
Ocelots Futebol Americano,https://www.salaooval.com.br/wp-content/uploads/2017/01/sp_ocelots_football.png,Jundiaí/SP,#070504,https://www.salaooval.com.br/times/ocelots-fa/,SP,sudeste
Old School,https://www.salaooval.com.br/wp-content/uploads/2018/03/sp_old_school.png,,#836f3d,https://www.salaooval.com.br/equipe/old-school/,,
Olinda Sharks,https://www.salaooval.com.br/wp-content/uploads/2016/06/pe_olinda_sharks.png,Olinda/PE,#0d4440,https://www.salaooval.com.br/times/olinda-sharks/,PE,nordeste
Operário Gravediggers,https://www.salaooval.com.br/wp-content/uploads/2016/05/ms_operario_gravediggers.png,,#040404,https://www.salaooval.com.br/equipe/campo-grande-gravediggers/,,
Orange Machine,https://www.salaooval.com.br/wp-content/uploads/2018/06/sp_orange_machine.png,,#fc732d,https://www.salaooval.com.br/equipe/orange-machine/,,
Osasco Soldiers,https://www.salaooval.com.br/wp-content/uploads/2016/06/sp_osasco_soldiers.png,,#580f0d,https://www.salaooval.com.br/equipe/osasco-soldiers/,,
Outland Soldiers,https://www.salaooval.com.br/wp-content/uploads/2016/08/pa_outland_soldiers.png,,#fdb600,https://www.salaooval.com.br/equipe/outland-soldiers/,,
PRC Guardian Saints,https://www.salaooval.com.br/wp-content/uploads/2016/05/pr_parana_guardian_saints.png,Curitiba/PR,#17417d,https://www.salaooval.com.br/times/guardian-saints/,PR,sul
Palmeiras Locomotives,https://www.salaooval.com.br/wp-content/uploads/2018/02/sp_palmeiras_locomotives.png,São Paulo/SP,#064e2d,https://www.salaooval.com.br/times/palmeiras-locomotives/,SP,sudeste
Palotina Celtics,https://www.salaooval.com.br/wp-content/uploads/2016/05/pr_palotina_celtics.png,,#01a548,https://www.salaooval.com.br/equipe/palotina-celtics/,,
Panamá,https://www.salaooval.com.br/wp-content/uploads/2017/10/panama.png,,#1250a0,https://www.salaooval.com.br/equipe/panama/,,
Paraná,https://www.salaooval.com.br/wp-content/uploads/2017/11/federecao_paranaense_fpfa.png,,#013976,https://www.salaooval.com.br/equipe/parana/,,
Paraná HP,https://www.salaooval.com.br/wp-content/uploads/2016/05/pr_parana_hp-1.png,Curitiba/PR,#00eb4c,https://www.salaooval.com.br/times/parana-hp/,PR,sul
Paraíso Miners,https://www.salaooval.com.br/wp-content/uploads/2017/01/mg_paraiso_miners-2.png,,#171717,https://www.salaooval.com.br/equipe/paraiso-miners/,,
Parnamirim Rockets,https://www.salaooval.com.br/wp-content/uploads/2018/05/rn_parnamirim_rockets.png,,#003271,https://www.salaooval.com.br/equipe/parnamirim-rockets/,,
Parnamirim Scorpions,https://www.salaooval.com.br/wp-content/uploads/2022/05/rn_parnamirim_scorpions_alt.png,Parnamirim/RN,#010100,https://www.salaooval.com.br/times/parnamirim-scorpions/,,
Passos Madbulls,https://www.salaooval.com.br/wp-content/uploads/2017/08/mg_passos_madbulls.png,,#262124,https://www.salaooval.com.br/equipe/passos-madbulls/,,
Patos FA,https://www.salaooval.com.br/wp-content/uploads/2019/04/pb_patos_fa.png,,#06073a,https://www.salaooval.com.br/equipe/patos-fa/,,
Patos Red Dragons,https://www.salaooval.com.br/wp-content/uploads/2018/02/pb_patos_red_dragons.png,,#3e3236,https://www.salaooval.com.br/equipe/patos-red-dragons/,,
Paysandu Lobos,https://www.salaooval.com.br/wp-content/uploads/2018/03/pa_paysandu_lobos.png,,#0189c2,https://www.salaooval.com.br/equipe/paysandu-lobos/,,
Piedade Hainus,https://www.salaooval.com.br/wp-content/uploads/2017/06/sp_hainus_girls.png,,#b30202,https://www.salaooval.com.br/equipe/piedade-hainus/,,
Piracicaba Cane Cutters,https://www.salaooval.com.br/wp-content/uploads/2016/07/sp_piracicaba_cane_cutters.png,Piracicaba/SP,#05396d,https://www.salaooval.com.br/times/piracicaba-cane-cutters/,SP,sudeste
Pirajuí Golden Warriors,https://www.salaooval.com.br/wp-content/uploads/2019/07/sp_pirajui_golden_warriors.png,,#030101,https://www.salaooval.com.br/equipe/pirajui-golden-warriors/,,
Piratas da Serra,https://www.salaooval.com.br/wp-content/uploads/2017/01/mg_piratas_da_serra.png,,#60176c,https://www.salaooval.com.br/equipe/piratas-da-serra/,,
Piratas de Copacabana,https://www.salaooval.com.br/wp-content/uploads/2017/04/rj_piratas_de_copacabana.png,,#020202,https://www.salaooval.com.br/equipe/piratas-de-copacabana/,,
Politécnica Rats,https://www.salaooval.com.br/wp-content/uploads/2016/06/sp_politecnica_rats.png,,#4a1606,https://www.salaooval.com.br/equipe/politecnica-rats/,,
Ponta Grossa Phantoms,https://www.salaooval.com.br/wp-content/uploads/2017/03/pr_ponta_grossa_phantoms.png,,#25047e,https://www.salaooval.com.br/equipe/ponta-grossa-phantoms/,,
Ponte Preta Gorilas,https://www.salaooval.com.br/wp-content/uploads/2016/05/sp_ponte_preta_gorilas.png,s,#010101,https://www.salaooval.com.br/times/ponte-preta-gorilas/,,
Porto Alegre Gorillas,https://www.salaooval.com.br/wp-content/uploads/2016/12/rs_porto_alegre_gorillas-1.png,,#2e054e,https://www.salaooval.com.br/equipe/porto-alegre-gorillas/,,
Porto Alegre Pumpkins,https://www.salaooval.com.br/wp-content/uploads/2016/05/rs_porto_alegre_pumpkins.png,Porto Alegre/RS,#462d1d,https://www.salaooval.com.br/times/porto-alegre-pumpkins/,RS,sul
Porto Alegre Warriors,https://www.salaooval.com.br/wp-content/uploads/2016/12/rs_porto_alegre_warriors.png,,#181b49,https://www.salaooval.com.br/equipe/porto-alegre-warriors/,,
Porto Velho Miners,https://www.salaooval.com.br/wp-content/uploads/2022/04/ro_porto_velho_miners.png,,#080505,https://www.salaooval.com.br/equipe/porto-velho-miners/,,
Portuguesa FA,https://www.salaooval.com.br/wp-content/uploads/2016/05/sp_portuguesa_fa.png,,#870002,https://www.salaooval.com.br/equipe/portuguesa-fa/,,
Pouso Alegre Gladiadores,https://www.salaooval.com.br/wp-content/uploads/2022/07/mg_pouso_alegre_gladiatores.png,Pouso Alegre/MG,#d22128,https://www.salaooval.com.br/times/pouso-alegre-gladiadores/,MG,sudeste
Prudente Coronéis,https://www.salaooval.com.br/wp-content/uploads/2016/06/sp_prudente_coroneis.png,Presidente Prudente/SP,#010101,https://www.salaooval.com.br/times/prudente-coroneis/,SP,sudeste
Prudente Thunders,https://www.salaooval.com.br/wp-content/uploads/2019/02/sp_prudente_thunder-1.png,,#090808,https://www.salaooval.com.br/equipe/prudente-thunders/,,
Rainbow Football,https://www.salaooval.com.br/wp-content/uploads/2016/05/rj_rainbow_football.png,,#292a4b,https://www.salaooval.com.br/equipe/rainbow-football/,,
Recife Apaches,https://www.salaooval.com.br/wp-content/uploads/2017/02/pe_recife_apaches.png,Recife/PE,#44140f,https://www.salaooval.com.br/times/recife-apaches/,PE,nordeste
Recife Horses,https://www.salaooval.com.br/wp-content/uploads/2016/05/pe_recife_horses.png,Recife/PE,#ff0000,https://www.salaooval.com.br/times/recife-horses/,PE,nordeste
Recife Mariners,https://www.salaooval.com.br/wp-content/uploads/2017/03/pe_recife_mariners.png,Recife/PE,#005daa,https://www.salaooval.com.br/times/recife-mariners/,PE,nordeste
Recife Vikings,https://www.salaooval.com.br/wp-content/uploads/2017/08/pe_recife_vikings.png,,#230307,https://www.salaooval.com.br/equipe/recife-vikings/,,
Recreio Tigers,https://www.salaooval.com.br/wp-content/uploads/2023/02/rj_recreio_tigers.png,,#0e0907,https://www.salaooval.com.br/equipe/recreio-tigers/,,
Redlions Football,https://www.salaooval.com.br/wp-content/uploads/2016/07/sc_redlions_football.png,Joinville/SC,#420a13,https://www.salaooval.com.br/times/redlions-football/,,
Remo Lions,https://www.salaooval.com.br/wp-content/uploads/2017/03/pa_remo_lions-2.png,,#0d182e,https://www.salaooval.com.br/equipe/remo-lions/,,
Revolution FA,https://www.salaooval.com.br/wp-content/uploads/2018/03/es_revolution_fa.png,,#2c3084,https://www.salaooval.com.br/equipe/revolution-fa/,,
Ribeirão Preto Alligators,https://www.salaooval.com.br/wp-content/uploads/2016/05/sp_ribeirao_preto_alligators.png,,#000e02,https://www.salaooval.com.br/equipe/ribeirao-preto-alligators/,,
Rio Football Academy,https://www.salaooval.com.br/wp-content/uploads/2018/04/rj_rio_football_academy_alt.png,,#707070,https://www.salaooval.com.br/equipe/rio-football-academy/,,
Rio Grande do Sul,https://www.salaooval.com.br/wp-content/uploads/2016/05/campeonato_gaucho.png,,#06763b,https://www.salaooval.com.br/equipe/rio-grande-do-sul/,,
Rio Mafra Raptors,https://www.salaooval.com.br/wp-content/uploads/2020/02/sc_riomafra_raptors.png,,#000000,https://www.salaooval.com.br/equipe/rio-mafra-raptors/,,
Rio Preto Weilers,https://www.salaooval.com.br/wp-content/uploads/2016/05/sp_rio_preto_weillers.png,São José do Rio Preto/SP,#000000,https://www.salaooval.com.br/times/rio-preto-weilers/,SP,sudeste
Rio de Janeiro,https://www.salaooval.com.br/wp-content/uploads/2016/05/federacao_fluminense.png,,#112317,https://www.salaooval.com.br/equipe/rio-de-janeiro/,,
Rio de Janeiro Captains,https://www.salaooval.com.br/wp-content/uploads/2018/10/rj_septiba_captains-1.png,,#060f21,https://www.salaooval.com.br/equipe/rio-de-janeiro-captains/,,
Rio de Janeiro Islanders,https://www.salaooval.com.br/wp-content/uploads/2016/06/rj_rio_de_janeiro_islanders.png,,#1f2057,https://www.salaooval.com.br/equipe/rio-de-janeiro-islanders/,,
Rio de Janeiro Sharks,https://www.salaooval.com.br/wp-content/uploads/2017/04/rj_rio_de_janeiro_sharks.png,,#888583,https://www.salaooval.com.br/equipe/rio-de-janeiro-sharks/,,
Roma Gladiadores,https://www.salaooval.com.br/wp-content/uploads/2022/02/ce_roma_gladiadores_alt.png,Fortaleza/CE,#170e0d,https://www.salaooval.com.br/times/roma-gladiadores/,CE,nordeste
Rondonópolis Hawks,https://www.salaooval.com.br/wp-content/uploads/2019/08/mt_rondonopolis_hawks_alt.png,Rondonópolis/MT,#081e42,https://www.salaooval.com.br/times/rondonopolis-hawks/,MT,centro-oeste
Salgueiros Renegades,https://www.salaooval.com.br/wp-content/uploads/2023/03/pt_salgueiros_renegades.png,,#b42710,https://www.salaooval.com.br/equipe/salgueiros-renegades/,,
Salto Blackbirds,https://www.salaooval.com.br/wp-content/uploads/2016/07/sp_salto_blacbirds.png,,#1c1d28,https://www.salaooval.com.br/equipe/salto-blackbirds/,,
Salto Dark Wolves,https://www.salaooval.com.br/wp-content/uploads/2018/03/sp_salto_dark_wolves.png,,#241e2e,https://www.salaooval.com.br/equipe/salto-dark-wolves/,,
Salto Flames,https://www.salaooval.com.br/wp-content/uploads/2018/03/sp_salto_flames.png,,#bf1f2b,https://www.salaooval.com.br/equipe/salto-flames/,,
Salvador Kings,https://www.salaooval.com.br/wp-content/uploads/2017/03/ba_salvador_kings.png,,#feca03,https://www.salaooval.com.br/equipe/salvador-kings/,,
Santa Bárbara Rednecks,https://www.salaooval.com.br/wp-content/uploads/2018/03/sp_santa_barbara_rednecks.png,,#0c122f,https://www.salaooval.com.br/equipe/santa-barbara-rednecks/,,
Santa Bárbara Westerns,https://www.salaooval.com.br/wp-content/uploads/2016/07/sp_santa_barbara_western.png,,#038903,https://www.salaooval.com.br/equipe/santa-barbara-westerns/,,
Santa Catarina,https://www.salaooval.com.br/wp-content/uploads/2016/05/federacao_catarinense.png,,#cf0e17,https://www.salaooval.com.br/equipe/santa-catarina/,,
Santa Cruz Chacais,https://www.salaooval.com.br/wp-content/uploads/2019/03/rs_santa_cruz_chacais_alt.png,Santa Cruz do Sul/RS,#0b1533,https://www.salaooval.com.br/times/santa-cruz-chacais/,RS,sul
Santa Cruz Imortais,https://www.salaooval.com.br/wp-content/uploads/2023/06/pe_santa_cruz_imortais.png,,#0d1320,https://www.salaooval.com.br/equipe/recife-imortais/,,
Santa Cruz Pirates,https://www.salaooval.com.br/wp-content/uploads/2022/02/pe_santa_cruz_pirates.png,Recife/PE,#030202,https://www.salaooval.com.br/times/recife-pirates/,PE,nordeste
Santa Maria Bulldogs,https://www.salaooval.com.br/wp-content/uploads/2017/09/df_santa_maria_bulldogs.png,,#010000,https://www.salaooval.com.br/equipe/santa-maria-bulldogs/,,
Santa Maria Soldiers,https://www.salaooval.com.br/wp-content/uploads/2019/02/rs_santa_maria_soldiers_alt.png,Santa Maria/RS,#181815,https://www.salaooval.com.br/times/santa-maria-soldiers/,RS,sul
Santana Red Bulls,https://www.salaooval.com.br/wp-content/uploads/2018/01/ba_santana_red_bulls.png,,#07170a,https://www.salaooval.com.br/equipe/santana-red-bulls/,,
Santo André Golden Owls,https://www.salaooval.com.br/wp-content/uploads/2018/03/sp_golden_owls.png,,#1d1a1e,https://www.salaooval.com.br/equipe/santo-andre-golden-owls/,,
Santos Tsunami,https://www.salaooval.com.br/wp-content/uploads/2016/05/sp_santos_tsunami.png,Santos/SP,#0a090a,https://www.salaooval.com.br/times/santos-tsunami/,SP,sudeste
Scelta Guardians,https://www.salaooval.com.br/wp-content/uploads/2018/04/sp_barueri_guardians-1.png,,#010100,https://www.salaooval.com.br/equipe/barueri-guardians/,,
Sergipe Bravos,https://www.salaooval.com.br/wp-content/uploads/2016/08/se_sergipe_bravos.png,,#e01f24,https://www.salaooval.com.br/equipe/sergipe-bravos/,,
Sergipe Redentores,https://www.salaooval.com.br/wp-content/uploads/2016/05/se_sergipe_redentores.png,Aracaju/SE,#313131,https://www.salaooval.com.br/times/sergipe-redentores/,SE,nordeste
Sertãozinho Bullcaners,https://www.salaooval.com.br/wp-content/uploads/2018/09/sp_sertaozinho_bullcaners.png,,#cb333a,https://www.salaooval.com.br/equipe/sertaozinho-bullcaners/,,
Silver Knights Football,https://www.salaooval.com.br/wp-content/uploads/2016/07/sp_silver_knights_football.png,,#c0c1c4,https://www.salaooval.com.br/equipe/silver-knights-football/,,
Silver Warriors,https://www.salaooval.com.br/wp-content/uploads/2018/03/sp_silver_warriors-1.png,,#100605,https://www.salaooval.com.br/equipe/silver-warriors/,,
Sinop Coyotes,https://www.salaooval.com.br/wp-content/uploads/2019/08/mt_sinop_coyotes_alt.png,Sinop/MT,#1e1e1f,https://www.salaooval.com.br/times/sinop-coyotes/,MT,centro-oeste
Soldiers Avengers,https://www.salaooval.com.br/wp-content/uploads/2016/06/sp_osasco_soldiers.png,,#0e0b0c,https://www.salaooval.com.br/equipe/soldiers-avengers/,,
Sorocaba Braves,https://www.salaooval.com.br/wp-content/uploads/2019/04/sp_sorocaba_braves.png,,#bc102e,https://www.salaooval.com.br/equipe/sorocaba-braves/,,
Sorocaba Eagles,https://www.salaooval.com.br/wp-content/uploads/2018/03/sp_sorocaba_eagles.png,,#030404,https://www.salaooval.com.br/equipe/sorocaba-eagles/,,
Sorocaba Vipers,https://www.salaooval.com.br/wp-content/uploads/2016/05/sp_sorocaba_vipers-1.png,Sorocaba/SP,#540079,https://www.salaooval.com.br/times/sorocaba-vipers/,SP,sudeste
Sorriso Hornets,https://www.salaooval.com.br/wp-content/uploads/2022/04/mt_sorriso_hornets_alt.png,Sorriso/MT,#343132,https://www.salaooval.com.br/times/sorriso-hornets/,MT,centro-oeste
Spartans Football,https://www.salaooval.com.br/wp-content/uploads/2023/01/sp_six_spartans.png,São Paulo/SP,#000000,https://www.salaooval.com.br/times/spartans-football/,SP,sudeste
Spartans Football 2,https://www.salaooval.com.br/wp-content/uploads/2026/03/sp_six_spartans.png,,#010000,https://www.salaooval.com.br/equipe/spartans-football-2/,,
Street Dogs FA,https://www.salaooval.com.br/wp-content/uploads/2018/02/pr_street_dogs_fa.png,,#1c1f3f,https://www.salaooval.com.br/equipe/street-dogs-fa/,,
Suzano Arcanjos,https://www.salaooval.com.br/wp-content/uploads/2017/04/sp_suzano_arcanjos.png,,#1b40ed,https://www.salaooval.com.br/equipe/suzano-arcanjos/,,
São Bento Snakes,https://www.salaooval.com.br/wp-content/uploads/2018/02/pb_sao_bento_snakes.png,,#997b52,https://www.salaooval.com.br/equipe/sao-bento-snakes/,,
São Bernardo Avengers,https://www.salaooval.com.br/wp-content/uploads/2018/06/sp_sao_bernardo_avengers-1.png,,#020200,https://www.salaooval.com.br/equipe/sao-bernardo-avengers/,,
São Caetano Blue Birds,https://www.salaooval.com.br/wp-content/uploads/2016/05/sp_sao_caetano_bluebirds.png,,#040a23,https://www.salaooval.com.br/equipe/sao-caetano-blue-birds/,,
São Carlos Bulldogs,https://www.salaooval.com.br/wp-content/uploads/2016/07/sp_sao_carlos_bulldogs-1.png,,#fc6500,https://www.salaooval.com.br/equipe/sao-carlos-bulldogs/,,
São José Jets,https://www.salaooval.com.br/wp-content/uploads/2016/07/sp_sao_jose_jets-2.png,,#02012e,https://www.salaooval.com.br/equipe/sao-jose-jets/,,
São Leopoldo Mustangs,https://www.salaooval.com.br/wp-content/uploads/2016/05/rs_sao_leopoldo_mustangs.png,,#040926,https://www.salaooval.com.br/equipe/sao-leopoldo-mustangs/,,
São Luís Sharks,https://www.salaooval.com.br/wp-content/uploads/2016/05/ma_sao_luiz_sharks_2.png,São Luís/MA,#08005b,https://www.salaooval.com.br/times/sao-luis-sharks/,MA,nordeste
São Miguel Indians,https://www.salaooval.com.br/wp-content/uploads/2016/06/sc_sao_miguel_indians.png,,#7e1217,https://www.salaooval.com.br/equipe/sao-miguel-indians/,,
São Paulo,https://www.salaooval.com.br/wp-content/uploads/2017/11/federecao_paulista_fepafa.png,,#030202,https://www.salaooval.com.br/equipe/sao-paulo/,,
São Paulo Black Devil,https://www.salaooval.com.br/wp-content/uploads/2018/03/sp_sao_paulo_black_devil.png,,#69546a,https://www.salaooval.com.br/equipe/sao-paulo-black-devil/,,
São Paulo Panthers,https://www.salaooval.com.br/wp-content/uploads/2019/06/sp_sao_paulo_panthers.png,,#020304,https://www.salaooval.com.br/equipe/sao-paulo-panthers/,,
São Paulo Saints,https://www.salaooval.com.br/wp-content/uploads/2017/03/sp_sao_paulo_saints.png,,#1a120f,https://www.salaooval.com.br/equipe/sao-paulo-saints/,,
São Paulo Sharks,https://www.salaooval.com.br/wp-content/uploads/2018/03/sp_sao_paulo_sharks.png,,#000000,https://www.salaooval.com.br/equipe/sao-paulo-sharks/,,
São Paulo Storm,https://www.salaooval.com.br/wp-content/uploads/2016/05/sp_sao_paulo_storm.png,São Paulo/SP,#004479,https://www.salaooval.com.br/times/sao-paulo-storm/,SP,sudeste
São Paulo Tigers,https://www.salaooval.com.br/wp-content/uploads/2016/06/sp_sao_paulo_tigers.png,,#fc6400,https://www.salaooval.com.br/equipe/sao-paulo-tigers/,,
São Raimundo C. Cavaliers,https://www.salaooval.com.br/wp-content/uploads/2016/07/am_sao_raimundo_cavaliers.png,Manaus/AM,#2a488f,https://www.salaooval.com.br/times/manaus-cavaliers/,AM,norte
São Roque Fighters,https://www.salaooval.com.br/wp-content/uploads/2017/09/sp_sao_roque_fighters.png,,#070707,https://www.salaooval.com.br/equipe/sao-roque-fighters/,,
São Tomé Potros,https://www.salaooval.com.br/wp-content/uploads/2018/05/rn_sao_tome_potros.png,,#15264d,https://www.salaooval.com.br/equipe/sao-tome-potros/,,
Tangará Taurus,https://www.salaooval.com.br/wp-content/uploads/2016/05/mt_tangara_taurus.png,,#080304,https://www.salaooval.com.br/equipe/tangara-taurus/,,
Tatuapé Black Panthers,https://www.salaooval.com.br/wp-content/uploads/2017/05/sp_tatuape_black_panthers.png,,#040303,https://www.salaooval.com.br/equipe/tatuape-black-panthers/,,
Tatuapé Monsters,https://www.salaooval.com.br/wp-content/uploads/2016/09/sp_tatuape_monsters.png,,#d6b666,https://www.salaooval.com.br/equipe/tatuape-monsters/,,
Taubaté Football,https://www.salaooval.com.br/wp-content/uploads/2016/07/sp_taubate_football.png,,#17234b,https://www.salaooval.com.br/equipe/taubate-football/,,
Teresópolis Rockers,https://www.salaooval.com.br/wp-content/uploads/2016/06/rj_teresopolis_rockers.png,,#0e0f0e,https://www.salaooval.com.br/equipe/teresopolis-rockers/,,
Theresina Thunders,https://www.salaooval.com.br/wp-content/uploads/2018/05/pi_theresina_thunders.png,,#032038,https://www.salaooval.com.br/equipe/theresina-thunders/,,
Tigres FA,https://www.salaooval.com.br/wp-content/uploads/2019/08/mg_ipatinga_tigres_alt.png,s,#040404,https://www.salaooval.com.br/times/tigres-futebol-americano/,,
Timbó Rex,https://www.salaooval.com.br/wp-content/uploads/2018/12/sc_timbo_rex_alt.png,Timbó/SC,#000000,https://www.salaooval.com.br/times/timbo-rex/,SC,sul
Timóteo Titans,https://www.salaooval.com.br/wp-content/uploads/2016/05/mg_timoteo_titans.png,,#06356e,https://www.salaooval.com.br/equipe/timoteo-titans/,,
Tomahawk Futebol Americano,https://www.salaooval.com.br/wp-content/uploads/2020/02/sp_independente_tomahawk.png,s,#130d0c,https://www.salaooval.com.br/times/tomahawk-fa/,,
Tritões FA,https://www.salaooval.com.br/wp-content/uploads/2022/02/es_tritoes_alt.png,Vila Velha/ES,#fb381b,https://www.salaooval.com.br/times/tritoes-fa/,ES,sudeste
Tropa Campina,https://www.salaooval.com.br/wp-content/uploads/2016/06/pb_tropa_campina.png,Campina Grande/PB,#014a29,https://www.salaooval.com.br/times/tropa-campina/,PB,nordeste
Tubarão Predadores,https://www.salaooval.com.br/wp-content/uploads/2018/01/sc_tubarao_predadores.png,,#6b889b,https://www.salaooval.com.br/equipe/tubarao-predadores/,,
Tubarões do Cerrado,https://www.salaooval.com.br/wp-content/uploads/2016/05/df_tubaroes_do_cerrado.png,,#04468a,https://www.salaooval.com.br/equipe/tubaroes-do-cerrado/,DF,centro-oeste
Tupinambás FA,https://www.salaooval.com.br/wp-content/uploads/2017/05/ma_tupinambas.png,,#0e121d,https://www.salaooval.com.br/equipe/tupinambas-fa/,,
UFABC Green Reapers,https://www.salaooval.com.br/wp-content/uploads/2016/06/sp_ufabc_green_reapers.png,,#015f17,https://www.salaooval.com.br/equipe/ufabc-green-reapers/,,
UFERSA Petroleiros,https://www.salaooval.com.br/wp-content/uploads/2016/06/rn_ufersa_petroleiros.png,Mossoró/RN,#0e0200,https://www.salaooval.com.br/times/ufersa-petroleiros/,RN,nordeste
UFPR Legends,https://www.salaooval.com.br/wp-content/uploads/2017/03/pr_ufpr_legends.png,,#140c05,https://www.salaooval.com.br/equipe/ufpr-legends/,,
USJT Imperators,https://www.salaooval.com.br/wp-content/uploads/2016/05/sp_usjt_imperators.png,,#029d2a,https://www.salaooval.com.br/equipe/usjt-imperators/,,
USP Red Pandas ,https://www.salaooval.com.br/wp-content/uploads/2017/06/sp_usp_red_panda.png,,#871425,https://www.salaooval.com.br/equipe/usp-red-pandas/,,
Uberaba Zebus,https://www.salaooval.com.br/wp-content/uploads/2016/05/mg_uberaba_zebus-1.png,,#0c0709,https://www.salaooval.com.br/equipe/uberaba-zebus/,,
Uberlândia Lobos,https://www.salaooval.com.br/wp-content/uploads/2019/08/mg_uberlandia_lobos_alt.png,s,#01246c,https://www.salaooval.com.br/times/uberlandia-lobos/,,
Unasp Roosters,https://www.salaooval.com.br/wp-content/uploads/2017/03/sp_unasp_roosters.png,,#fd2b1e,https://www.salaooval.com.br/equipe/unasp-roosters/,,
Underdogs FA,https://www.salaooval.com.br/wp-content/uploads/2016/12/rs_porto_alegre_gorillas-1.png,,#2e054e,https://www.salaooval.com.br/equipe/underdogs-fa/,,
Underdogs Football,https://www.salaooval.com.br/wp-content/uploads/2016/05/sp_underdogs_football.png,,#0c0607,https://www.salaooval.com.br/equipe/underdogs-football/,,
Unicamp Eucalyptus,https://www.salaooval.com.br/wp-content/uploads/2016/07/sp_unicamp_eucalyptus-1.png,,#89878b,https://www.salaooval.com.br/equipe/unicamp-eucalyptus/,,
Unicentro Knights,https://www.salaooval.com.br/wp-content/uploads/2017/02/pr_unicentro_knights.png,,#0c1113,https://www.salaooval.com.br/equipe/unicentro-knights/,,
União Snakes,https://www.salaooval.com.br/wp-content/uploads/2018/02/pr_uniao_snakes_alt.png,,#0c028f,https://www.salaooval.com.br/equipe/uniao-snakes/,,
União da Serra/Juventude FA,https://www.salaooval.com.br/wp-content/uploads/2022/02/rs_uniao_da_serra.png,Farroupilha/RS,#00d700,https://www.salaooval.com.br/times/uniao-da-serra/,RS,sul
Uruguay Charrúas,https://www.salaooval.com.br/wp-content/uploads/2017/10/uruguay_charruas.png,,#020202,https://www.salaooval.com.br/equipe/uruguay-charruas/,,
Valença Hunters,https://www.salaooval.com.br/wp-content/uploads/2023/02/rj_valenca_hunters.png,,#55524f,https://www.salaooval.com.br/equipe/valenca-hunters/,,
Vasco Almirantes,https://www.salaooval.com.br/wp-content/uploads/2019/01/rj_vasco_almirantes_alt.png,Rio de Janeiro/RJ,#000000,https://www.salaooval.com.br/times/vasco-almirantes/,RJ,sudeste
Viamão Raptors,https://www.salaooval.com.br/wp-content/uploads/2016/12/rs_viamao_raptors.png,,#010000,https://www.salaooval.com.br/equipe/viamao-raptors/,,
Vikings Berserker,https://www.salaooval.com.br/wp-content/uploads/2024/02/sp_vikings_berserker.png,,#050303,https://www.salaooval.com.br/equipe/vikings-berserker/,,
Vikings FA,https://www.salaooval.com.br/wp-content/uploads/2016/06/sp_maua_vikings.png,,#020101,https://www.salaooval.com.br/equipe/vikings-fa/,,
Vingadores FA,https://www.salaooval.com.br/wp-content/uploads/2022/03/pa_lobo_vingador.png,Belém/PA,#0a0809,https://www.salaooval.com.br/times/vingadores-fa/,PA,norte
Vitória Antares,https://www.salaooval.com.br/wp-content/uploads/2017/03/es_vitoria_antares.png,,#aa2b2f,https://www.salaooval.com.br/equipe/vitoria-antares/,,
Votuporanga Mohawks,https://www.salaooval.com.br/wp-content/uploads/2016/05/sp_votuporanga_mohawks.png,,#04935d,https://www.salaooval.com.br/equipe/votuporanga-mohawks/,,
Werewolves Football,https://www.salaooval.com.br/wp-content/uploads/2016/07/sp_santo_andre_werewolves.png,,#1f073e,https://www.salaooval.com.br/equipe/werewolves-football/,,
Wolves UTFPR-CP,https://www.salaooval.com.br/wp-content/uploads/2019/08/pr_utfprcp_wolves.png,,#06061a,https://www.salaooval.com.br/equipe/wolves-utfpr-cp/,,
Xingu FA,https://www.salaooval.com.br/wp-content/uploads/2016/08/pa_xingu_fa.png,,#f2c733,https://www.salaooval.com.br/equipe/xingu-fa/,,
Zebus Redwolves,https://www.salaooval.com.br/wp-content/uploads/2019/07/mg_zebus_redwolves.png,,#0a0607,https://www.salaooval.com.br/equipe/zebus-redwolves/,,
Zona Leste Bears,https://www.salaooval.com.br/wp-content/uploads/2018/03/sp_zona_leste_bears.png,,#754d31,https://www.salaooval.com.br/equipe/zona-leste-bears/,,
Águias Flag Football,https://www.salaooval.com.br/wp-content/uploads/2018/05/ma_aguias.png,,#a91c22,https://www.salaooval.com.br/equipe/aguias-flag-football/,,
